1M|bool|C|bool	0.061219999999999997
1M|bool|C|u8	0.33523000000000003
1M|bool|C|i8	0.33518999999999999
1M|bool|C|i16	0.456675
1M|bool|C|u16	0.46384999999999998
1M|bool|C|i32	0.48744500000000002
1M|bool|C|u32	0.45936500000000002
1M|bool|C|i64	0.541875
1M|bool|C|u64	0.51605000000000001
1M|bool|C|char	0.453125
1M|bool|C|f16	6.9047999999999998
1M|bool|C|f32	0.39297499999999996
1M|bool|C|f64	0.52013999999999994
1M|bool|C|dec	0.97565000000000013
1M|bool|C|c128	0.90861999999999998
1M|bool|F|bool	0.086414999999999992
1M|bool|F|u8	0.33125499999999997
1M|bool|F|i8	0.32943
1M|bool|F|i16	0.46600000000000003
1M|bool|F|u16	0.46900500000000001
1M|bool|F|i32	0.457895
1M|bool|F|u32	0.46288000000000001
1M|bool|F|i64	0.58884000000000003
1M|bool|F|u64	0.54439499999999996
1M|bool|F|char	0.47073999999999999
1M|bool|F|f16	6.90116
1M|bool|F|f32	0.40143500000000004
1M|bool|F|f64	0.51380000000000003
1M|bool|F|dec	0.97835000000000005
1M|bool|F|c128	0.84787000000000001
1M|bool|T|bool	0.079414999999999999
1M|bool|T|u8	0.32532499999999998
1M|bool|T|i8	0.32391500000000001
1M|bool|T|i16	0.48396999999999996
1M|bool|T|u16	0.47275999999999996
1M|bool|T|i32	0.44532999999999995
1M|bool|T|u32	0.45674500000000001
1M|bool|T|i64	0.56125000000000003
1M|bool|T|u64	0.49812000000000001
1M|bool|T|char	0.45942499999999997
1M|bool|T|f16	6.8945600000000002
1M|bool|T|f32	0.39202499999999996
1M|bool|T|f64	0.50867000000000007
1M|bool|T|dec	0.8627800000000001
1M|bool|T|c128	0.83636500000000003
1M|bool|sliced|bool	0.072455000000000006
1M|bool|sliced|u8	0.32850499999999999
1M|bool|sliced|i8	0.32888499999999998
1M|bool|sliced|i16	0.47645999999999999
1M|bool|sliced|u16	0.45637499999999998
1M|bool|sliced|i32	0.45122499999999999
1M|bool|sliced|u32	0.442915
1M|bool|sliced|i64	0.55286499999999994
1M|bool|sliced|u64	0.58005499999999999
1M|bool|sliced|char	0.46067999999999998
1M|bool|sliced|f16	6.8171000000000008
1M|bool|sliced|f32	0.40178999999999998
1M|bool|sliced|f64	0.51586500000000002
1M|bool|sliced|dec	0.97735499999999997
1M|bool|sliced|c128	1.3045100000000001
1M|bool|negrow|bool	0.061434999999999997
1M|bool|negrow|u8	0.34715499999999999
1M|bool|negrow|i8	0.44020000000000004
1M|bool|negrow|i16	0.47816999999999998
1M|bool|negrow|u16	0.51045499999999999
1M|bool|negrow|i32	0.474885
1M|bool|negrow|u32	0.46204000000000001
1M|bool|negrow|i64	0.58081500000000008
1M|bool|negrow|u64	0.58437000000000006
1M|bool|negrow|char	0.493475
1M|bool|negrow|f16	6.8931250000000004
1M|bool|negrow|f32	0.40894000000000003
1M|bool|negrow|f64	0.51737500000000003
1M|bool|negrow|dec	0.92851499999999998
1M|bool|negrow|c128	0.85189999999999999
1M|bool|negcol|bool	0.27702499999999997
1M|bool|negcol|u8	0.34147500000000003
1M|bool|negcol|i8	0.33723999999999998
1M|bool|negcol|i16	0.49290500000000004
1M|bool|negcol|u16	0.48280500000000004
1M|bool|negcol|i32	0.47427000000000002
1M|bool|negcol|u32	0.47001999999999999
1M|bool|negcol|i64	0.55860500000000002
1M|bool|negcol|u64	0.53249000000000002
1M|bool|negcol|char	0.49045500000000003
1M|bool|negcol|f16	6.9146049999999999
1M|bool|negcol|f32	0.41802499999999998
1M|bool|negcol|f64	0.48776000000000003
1M|bool|negcol|dec	0.95175999999999994
1M|bool|negcol|c128	0.8039949999999999
1M|bool|strided|bool	0.13667000000000001
1M|bool|strided|u8	0.17643
1M|bool|strided|i8	0.17186999999999999
1M|bool|strided|i16	0.213725
1M|bool|strided|u16	0.21651999999999999
1M|bool|strided|i32	0.300265
1M|bool|strided|u32	0.29983499999999996
1M|bool|strided|i64	0.36039500000000002
1M|bool|strided|u64	0.33791500000000002
1M|bool|strided|char	0.20987499999999998
1M|bool|strided|f16	3.4175300000000002
1M|bool|strided|f32	0.27332000000000001
1M|bool|strided|f64	0.32941500000000001
1M|bool|strided|dec	0.50856500000000004
1M|bool|strided|c128	0.50366
1M|bool|bcast|bool	0.058809999999999994
1M|bool|bcast|u8	0.33161499999999999
1M|bool|bcast|i8	0.33381
1M|bool|bcast|i16	0.49998500000000001
1M|bool|bcast|u16	0.49309000000000003
1M|bool|bcast|i32	0.46948999999999996
1M|bool|bcast|u32	0.43928
1M|bool|bcast|i64	0.56281000000000003
1M|bool|bcast|u64	0.54164000000000001
1M|bool|bcast|char	0.472665
1M|bool|bcast|f16	6.8820250000000005
1M|bool|bcast|f32	0.41028999999999999
1M|bool|bcast|f64	0.57288500000000009
1M|bool|bcast|dec	0.95672999999999997
1M|bool|bcast|c128	0.86142000000000007
1M|u8|C|bool	0.34296500000000002
1M|u8|C|u8	0.070615000000000011
1M|u8|C|i8	0.073055000000000009
1M|u8|C|i16	0.22134000000000001
1M|u8|C|u16	0.22888000000000003
1M|u8|C|i32	0.34820000000000001
1M|u8|C|u32	0.31596999999999997
1M|u8|C|i64	0.52478000000000002
1M|u8|C|u64	0.51207000000000003
1M|u8|C|char	0.32958500000000002
1M|u8|C|f16	1.8162150000000001
1M|u8|C|f32	0.46956499999999995
1M|u8|C|f64	0.55935499999999994
1M|u8|C|dec	1.2124650000000001
1M|u8|C|c128	0.89055499999999999
1M|u8|F|bool	0.33805999999999997
1M|u8|F|u8	0.078820000000000001
1M|u8|F|i8	0.088739999999999999
1M|u8|F|i16	0.22920500000000002
1M|u8|F|u16	0.24039000000000002
1M|u8|F|i32	0.330675
1M|u8|F|u32	0.337225
1M|u8|F|i64	0.51249500000000003
1M|u8|F|u64	0.49425999999999998
1M|u8|F|char	0.339055
1M|u8|F|f16	1.8559249999999998
1M|u8|F|f32	0.47214499999999998
1M|u8|F|f64	0.52671000000000001
1M|u8|F|dec	1.0051950000000001
1M|u8|F|c128	1.1218650000000001
1M|u8|T|bool	0.33754000000000001
1M|u8|T|u8	0.064159999999999995
1M|u8|T|i8	0.069690000000000002
1M|u8|T|i16	0.21874500000000002
1M|u8|T|u16	0.24101
1M|u8|T|i32	0.31297999999999998
1M|u8|T|u32	0.32238500000000003
1M|u8|T|i64	0.53253000000000006
1M|u8|T|u64	0.54744999999999999
1M|u8|T|char	0.350325
1M|u8|T|f16	1.8353699999999999
1M|u8|T|f32	0.47742500000000004
1M|u8|T|f64	0.56761499999999998
1M|u8|T|dec	1.0491699999999999
1M|u8|T|c128	0.85631500000000005
1M|u8|sliced|bool	0.33774000000000004
1M|u8|sliced|u8	0.071275000000000005
1M|u8|sliced|i8	0.058599999999999999
1M|u8|sliced|i16	0.22515499999999999
1M|u8|sliced|u16	0.23654000000000003
1M|u8|sliced|i32	0.33013499999999996
1M|u8|sliced|u32	0.32189000000000001
1M|u8|sliced|i64	0.49795499999999998
1M|u8|sliced|u64	0.48566500000000001
1M|u8|sliced|char	0.32191500000000001
1M|u8|sliced|f16	1.8101600000000002
1M|u8|sliced|f32	0.46598499999999998
1M|u8|sliced|f64	0.47116499999999994
1M|u8|sliced|dec	0.87046500000000004
1M|u8|sliced|c128	0.98843499999999995
1M|u8|negrow|bool	0.36398999999999998
1M|u8|negrow|u8	0.068239999999999995
1M|u8|negrow|i8	0.065530000000000005
1M|u8|negrow|i16	0.230825
1M|u8|negrow|u16	0.22800500000000001
1M|u8|negrow|i32	0.31959499999999996
1M|u8|negrow|u32	0.35283999999999999
1M|u8|negrow|i64	0.50992499999999996
1M|u8|negrow|u64	0.51025999999999994
1M|u8|negrow|char	0.33333499999999999
1M|u8|negrow|f16	1.8361450000000001
1M|u8|negrow|f32	0.45404499999999998
1M|u8|negrow|f64	0.49699499999999996
1M|u8|negrow|dec	0.933145
1M|u8|negrow|c128	0.88559500000000002
1M|u8|negcol|bool	0.33940999999999999
1M|u8|negcol|u8	0.27102499999999996
1M|u8|negcol|i8	0.30393500000000001
1M|u8|negcol|i16	0.32718999999999998
1M|u8|negcol|u16	0.37981500000000001
1M|u8|negcol|i32	0.36438000000000004
1M|u8|negcol|u32	0.41913499999999998
1M|u8|negcol|i64	0.53495499999999996
1M|u8|negcol|u64	0.53563000000000005
1M|u8|negcol|char	0.35358499999999998
1M|u8|negcol|f16	1.8351949999999999
1M|u8|negcol|f32	0.46336500000000003
1M|u8|negcol|f64	0.56233500000000003
1M|u8|negcol|dec	0.85846999999999996
1M|u8|negcol|c128	0.93703500000000006
1M|u8|strided|bool	0.176035
1M|u8|strided|u8	0.14594000000000001
1M|u8|strided|i8	0.16711999999999999
1M|u8|strided|i16	0.13744499999999998
1M|u8|strided|u16	0.13925000000000001
1M|u8|strided|i32	0.25004499999999996
1M|u8|strided|u32	0.24651499999999998
1M|u8|strided|i64	0.333505
1M|u8|strided|u64	0.31659500000000002
1M|u8|strided|char	0.13109500000000002
1M|u8|strided|f16	0.89807500000000007
1M|u8|strided|f32	0.30418500000000004
1M|u8|strided|f64	0.341775
1M|u8|strided|dec	0.49901999999999996
1M|u8|strided|c128	0.46512999999999999
1M|u8|bcast|bool	0.33701500000000001
1M|u8|bcast|u8	0.091035000000000005
1M|u8|bcast|i8	0.064015000000000002
1M|u8|bcast|i16	0.24012500000000001
1M|u8|bcast|u16	0.224995
1M|u8|bcast|i32	0.30447999999999997
1M|u8|bcast|u32	0.32578499999999999
1M|u8|bcast|i64	0.49874499999999999
1M|u8|bcast|u64	0.56479000000000001
1M|u8|bcast|char	0.32255500000000004
1M|u8|bcast|f16	1.8209550000000001
1M|u8|bcast|f32	0.31573499999999999
1M|u8|bcast|f64	0.57594500000000004
1M|u8|bcast|dec	0.88292499999999996
1M|u8|bcast|c128	0.98429999999999995
1M|i8|C|bool	0.34615000000000001
1M|i8|C|u8	0.063129999999999992
1M|i8|C|i8	0.056405000000000004
1M|i8|C|i16	0.22227999999999998
1M|i8|C|u16	0.23128000000000001
1M|i8|C|i32	0.34323000000000004
1M|i8|C|u32	0.32828000000000002
1M|i8|C|i64	0.51199499999999998
1M|i8|C|u64	1.8667050000000001
1M|i8|C|char	0.33854499999999998
1M|i8|C|f16	1.862725
1M|i8|C|f32	0.38545499999999999
1M|i8|C|f64	0.46879499999999996
1M|i8|C|dec	0.87583999999999995
1M|i8|C|c128	0.912435
1M|i8|F|bool	0.33868999999999999
1M|i8|F|u8	0.082339999999999997
1M|i8|F|i8	0.056860000000000001
1M|i8|F|i16	0.23632499999999998
1M|i8|F|u16	0.21841499999999997
1M|i8|F|i32	0.33388499999999999
1M|i8|F|u32	0.33463999999999999
1M|i8|F|i64	0.48747499999999999
1M|i8|F|u64	1.9245100000000002
1M|i8|F|char	0.321075
1M|i8|F|f16	1.82803
1M|i8|F|f32	0.37492000000000003
1M|i8|F|f64	0.47419
1M|i8|F|dec	0.83295999999999992
1M|i8|F|c128	0.857325
1M|i8|T|bool	0.34421000000000002
1M|i8|T|u8	0.058979999999999998
1M|i8|T|i8	0.057965000000000003
1M|i8|T|i16	0.230265
1M|i8|T|u16	0.225575
1M|i8|T|i32	0.31337999999999999
1M|i8|T|u32	0.3226
1M|i8|T|i64	0.53917999999999999
1M|i8|T|u64	1.9157699999999998
1M|i8|T|char	0.31742499999999996
1M|i8|T|f16	1.846085
1M|i8|T|f32	0.38761000000000001
1M|i8|T|f64	0.49732500000000002
1M|i8|T|dec	0.92041499999999998
1M|i8|T|c128	0.8373250000000001
1M|i8|sliced|bool	0.34008500000000003
1M|i8|sliced|u8	0.061234999999999998
1M|i8|sliced|i8	0.071194999999999994
1M|i8|sliced|i16	0.22362500000000002
1M|i8|sliced|u16	0.23225999999999999
1M|i8|sliced|i32	0.33135999999999999
1M|i8|sliced|u32	0.34211999999999998
1M|i8|sliced|i64	0.53612499999999996
1M|i8|sliced|u64	1.9238849999999998
1M|i8|sliced|char	0.33751500000000001
1M|i8|sliced|f16	1.8610600000000002
1M|i8|sliced|f32	0.39898500000000003
1M|i8|sliced|f64	0.50598999999999994
1M|i8|sliced|dec	0.93574000000000002
1M|i8|sliced|c128	1.008705
1M|i8|negrow|bool	0.36224500000000004
1M|i8|negrow|u8	0.071254999999999999
1M|i8|negrow|i8	0.075850000000000001
1M|i8|negrow|i16	0.22835999999999998
1M|i8|negrow|u16	0.23586499999999999
1M|i8|negrow|i32	0.32530999999999999
1M|i8|negrow|u32	0.33490000000000003
1M|i8|negrow|i64	0.5292
1M|i8|negrow|u64	1.9529650000000001
1M|i8|negrow|char	0.38679999999999998
1M|i8|negrow|f16	1.8705149999999999
1M|i8|negrow|f32	0.39754499999999998
1M|i8|negrow|f64	0.53726499999999999
1M|i8|negrow|dec	0.94912500000000011
1M|i8|negrow|c128	0.94810499999999998
1M|i8|negcol|bool	0.34687999999999997
1M|i8|negcol|u8	0.32228500000000004
1M|i8|negcol|i8	0.27298
1M|i8|negcol|i16	0.33047499999999996
1M|i8|negcol|u16	0.33812000000000003
1M|i8|negcol|i32	0.36003499999999999
1M|i8|negcol|u32	0.36339500000000002
1M|i8|negcol|i64	0.51593500000000003
1M|i8|negcol|u64	2.1219550000000003
1M|i8|negcol|char	0.33496000000000004
1M|i8|negcol|f16	1.8607900000000002
1M|i8|negcol|f32	0.42643000000000003
1M|i8|negcol|f64	0.58281000000000005
1M|i8|negcol|dec	1.219875
1M|i8|negcol|c128	0.9788349999999999
1M|i8|strided|bool	0.17768
1M|i8|strided|u8	0.17263999999999999
1M|i8|strided|i8	0.14499500000000001
1M|i8|strided|i16	0.14502500000000002
1M|i8|strided|u16	0.13234499999999999
1M|i8|strided|i32	0.26021499999999997
1M|i8|strided|u32	0.24740999999999999
1M|i8|strided|i64	0.32593499999999997
1M|i8|strided|u64	1.159205
1M|i8|strided|char	0.14167000000000002
1M|i8|strided|f16	0.92072500000000002
1M|i8|strided|f32	0.268235
1M|i8|strided|f64	0.33597500000000002
1M|i8|strided|dec	0.52423500000000001
1M|i8|strided|c128	0.55964999999999998
1M|i8|bcast|bool	0.34559499999999999
1M|i8|bcast|u8	0.068055000000000004
1M|i8|bcast|i8	0.053934999999999997
1M|i8|bcast|i16	0.23635999999999999
1M|i8|bcast|u16	0.242565
1M|i8|bcast|i32	0.33553500000000003
1M|i8|bcast|u32	0.33412500000000001
1M|i8|bcast|i64	0.60206499999999996
1M|i8|bcast|u64	1.8982800000000002
1M|i8|bcast|char	0.32709500000000002
1M|i8|bcast|f16	1.83677
1M|i8|bcast|f32	0.34576499999999999
1M|i8|bcast|f64	0.60373999999999994
1M|i8|bcast|dec	1.287185
1M|i8|bcast|c128	1.0125550000000001
1M|i16|C|bool	0.48668500000000003
1M|i16|C|u8	0.094630000000000006
1M|i16|C|i8	0.098919999999999994
1M|i16|C|i16	0.18424000000000001
1M|i16|C|u16	0.16549
1M|i16|C|i32	0.38513500000000001
1M|i16|C|u32	0.33788000000000001
1M|i16|C|i64	0.55944499999999997
1M|i16|C|u64	2.2095050000000001
1M|i16|C|char	0.35994000000000004
1M|i16|C|f16	2.0377700000000001
1M|i16|C|f32	0.33890500000000001
1M|i16|C|f64	0.63647999999999993
1M|i16|C|dec	1.2579400000000001
1M|i16|C|c128	1.12022
1M|i16|F|bool	0.35365000000000002
1M|i16|F|u8	0.11158999999999999
1M|i16|F|i8	0.14521000000000001
1M|i16|F|i16	0.23827999999999999
1M|i16|F|u16	0.20775000000000002
1M|i16|F|i32	0.49368999999999996
1M|i16|F|u32	0.35075500000000004
1M|i16|F|i64	0.61219000000000001
1M|i16|F|u64	2.2178750000000003
1M|i16|F|char	0.33252999999999999
1M|i16|F|f16	1.8874500000000001
1M|i16|F|f32	0.34370000000000001
1M|i16|F|f64	0.54634000000000005
1M|i16|F|dec	0.96892999999999996
1M|i16|F|c128	0.93659499999999996
1M|i16|T|bool	0.340555
1M|i16|T|u8	0.087024999999999991
1M|i16|T|i8	0.088834999999999997
1M|i16|T|i16	0.19544500000000001
1M|i16|T|u16	0.19125
1M|i16|T|i32	0.34093499999999999
1M|i16|T|u32	0.32538999999999996
1M|i16|T|i64	0.57422499999999999
1M|i16|T|u64	2.1541199999999998
1M|i16|T|char	0.338175
1M|i16|T|f16	1.8386
1M|i16|T|f32	0.34030499999999997
1M|i16|T|f64	0.54008500000000004
1M|i16|T|dec	1.0876899999999998
1M|i16|T|c128	0.99834999999999996
1M|i16|sliced|bool	0.34578000000000003
1M|i16|sliced|u8	0.088900000000000007
1M|i16|sliced|i8	0.072675000000000003
1M|i16|sliced|i16	0.23852999999999999
1M|i16|sliced|u16	0.24348500000000001
1M|i16|sliced|i32	0.34736
1M|i16|sliced|u32	0.346055
1M|i16|sliced|i64	0.53800000000000003
1M|i16|sliced|u64	2.1478549999999998
1M|i16|sliced|char	0.35272500000000001
1M|i16|sliced|f16	1.9103750000000002
1M|i16|sliced|f32	0.36473
1M|i16|sliced|f64	0.50244999999999995
1M|i16|sliced|dec	1.0286
1M|i16|sliced|c128	1.0016050000000001
1M|i16|negrow|bool	0.35710999999999998
1M|i16|negrow|u8	0.092520000000000005
1M|i16|negrow|i8	0.088410000000000002
1M|i16|negrow|i16	0.25518000000000002
1M|i16|negrow|u16	0.25802000000000003
1M|i16|negrow|i32	0.34985499999999997
1M|i16|negrow|u32	0.36123
1M|i16|negrow|i64	0.59295999999999993
1M|i16|negrow|u64	2.1830799999999999
1M|i16|negrow|char	0.363315
1M|i16|negrow|f16	1.8992799999999999
1M|i16|negrow|f32	0.32382499999999997
1M|i16|negrow|f64	0.66270499999999999
1M|i16|negrow|dec	0.99680499999999994
1M|i16|negrow|c128	0.92704500000000001
1M|i16|negcol|bool	0.35809000000000002
1M|i16|negcol|u8	0.27102999999999999
1M|i16|negcol|i8	0.26771
1M|i16|negcol|i16	0.42389500000000002
1M|i16|negcol|u16	0.36436999999999997
1M|i16|negcol|i32	0.41464000000000001
1M|i16|negcol|u32	0.37841000000000002
1M|i16|negcol|i64	0.55623500000000003
1M|i16|negcol|u64	2.4614050000000001
1M|i16|negcol|char	0.346335
1M|i16|negcol|f16	1.8809899999999999
1M|i16|negcol|f32	0.43262499999999998
1M|i16|negcol|f64	0.54156500000000007
1M|i16|negcol|dec	0.85122500000000001
1M|i16|negcol|c128	0.8901
1M|i16|strided|bool	0.18534500000000001
1M|i16|strided|u8	0.13569999999999999
1M|i16|strided|i8	0.13896
1M|i16|strided|i16	0.19836000000000001
1M|i16|strided|u16	0.16088
1M|i16|strided|i32	0.24965999999999999
1M|i16|strided|u32	0.25239500000000004
1M|i16|strided|i64	0.31438500000000003
1M|i16|strided|u64	1.2993950000000001
1M|i16|strided|char	0.14647499999999999
1M|i16|strided|f16	0.91944999999999999
1M|i16|strided|f32	0.27055499999999999
1M|i16|strided|f64	0.35099000000000002
1M|i16|strided|dec	0.61428499999999997
1M|i16|strided|c128	0.49921499999999996
1M|i16|bcast|bool	0.34889000000000003
1M|i16|bcast|u8	0.072889999999999996
1M|i16|bcast|i8	0.07392
1M|i16|bcast|i16	0.23666999999999999
1M|i16|bcast|u16	0.24895499999999998
1M|i16|bcast|i32	0.33264499999999997
1M|i16|bcast|u32	0.34540500000000002
1M|i16|bcast|i64	0.57218999999999998
1M|i16|bcast|u64	2.14981
1M|i16|bcast|char	0.34142499999999998
1M|i16|bcast|f16	1.8388500000000001
1M|i16|bcast|f32	0.345495
1M|i16|bcast|f64	0.548875
1M|i16|bcast|dec	1.0216449999999999
1M|i16|bcast|c128	0.94238500000000003
1M|u16|C|bool	0.379745
1M|u16|C|u8	0.114785
1M|u16|C|i8	0.108685
1M|u16|C|i16	0.18878500000000001
1M|u16|C|u16	0.19462499999999999
1M|u16|C|i32	0.33026499999999998
1M|u16|C|u32	0.31187500000000001
1M|u16|C|i64	0.52312000000000003
1M|u16|C|u64	0.56889500000000004
1M|u16|C|char	0.56084000000000001
1M|u16|C|f16	1.875685
1M|u16|C|f32	0.37480999999999998
1M|u16|C|f64	1.1086100000000001
1M|u16|C|dec	1.3431599999999999
1M|u16|C|c128	1.8898649999999999
1M|u16|F|bool	0.56841999999999993
1M|u16|F|u8	0.10442
1M|u16|F|i8	0.10407
1M|u16|F|i16	0.26530999999999999
1M|u16|F|u16	0.20861499999999999
1M|u16|F|i32	0.45406500000000005
1M|u16|F|u32	0.34765499999999999
1M|u16|F|i64	0.54187000000000007
1M|u16|F|u64	0.69423000000000001
1M|u16|F|char	0.43554999999999999
1M|u16|F|f16	1.9901399999999998
1M|u16|F|f32	0.37890499999999999
1M|u16|F|f64	0.77245999999999992
1M|u16|F|dec	1.2107100000000002
1M|u16|F|c128	1.10934
1M|u16|T|bool	0.37127500000000002
1M|u16|T|u8	0.098119999999999999
1M|u16|T|i8	0.10528
1M|u16|T|i16	0.24278
1M|u16|T|u16	0.24224999999999999
1M|u16|T|i32	0.33355000000000001
1M|u16|T|u32	0.37066499999999997
1M|u16|T|i64	0.61383500000000002
1M|u16|T|u64	0.51293499999999992
1M|u16|T|char	0.336565
1M|u16|T|f16	1.9317
1M|u16|T|f32	0.32511000000000001
1M|u16|T|f64	0.51150499999999999
1M|u16|T|dec	1.0619400000000001
1M|u16|T|c128	0.95438500000000004
1M|u16|sliced|bool	0.35598000000000002
1M|u16|sliced|u8	0.071120000000000003
1M|u16|sliced|i8	0.086584999999999995
1M|u16|sliced|i16	0.33402500000000002
1M|u16|sliced|u16	0.33152499999999996
1M|u16|sliced|i32	0.39088500000000004
1M|u16|sliced|u32	0.36852999999999997
1M|u16|sliced|i64	0.57393499999999997
1M|u16|sliced|u64	0.68657999999999997
1M|u16|sliced|char	0.42313000000000001
1M|u16|sliced|f16	3.5977749999999999
1M|u16|sliced|f32	0.38416499999999998
1M|u16|sliced|f64	0.76537499999999992
1M|u16|sliced|dec	1.9174
1M|u16|sliced|c128	1.550745
1M|u16|negrow|bool	0.50897999999999999
1M|u16|negrow|u8	0.093294999999999989
1M|u16|negrow|i8	0.098995
1M|u16|negrow|i16	0.26856000000000002
1M|u16|negrow|u16	0.27220499999999997
1M|u16|negrow|i32	0.38330000000000003
1M|u16|negrow|u32	0.37836500000000001
1M|u16|negrow|i64	0.71758499999999992
1M|u16|negrow|u64	0.78415499999999994
1M|u16|negrow|char	0.67103999999999997
1M|u16|negrow|f16	2.6454849999999999
1M|u16|negrow|f32	0.46764499999999998
1M|u16|negrow|f64	1.036645
1M|u16|negrow|dec	1.7712599999999998
1M|u16|negrow|c128	1.5705849999999999
1M|u16|negcol|bool	0.40901500000000002
1M|u16|negcol|u8	0.27704000000000001
1M|u16|negcol|i8	0.27467000000000003
1M|u16|negcol|i16	0.37346499999999999
1M|u16|negcol|u16	0.42973999999999996
1M|u16|negcol|i32	0.39598499999999998
1M|u16|negcol|u32	0.41123999999999999
1M|u16|negcol|i64	0.57485999999999993
1M|u16|negcol|u64	0.61178500000000002
1M|u16|negcol|char	0.35527500000000001
1M|u16|negcol|f16	1.8867049999999999
1M|u16|negcol|f32	0.50701499999999999
1M|u16|negcol|f64	0.63466
1M|u16|negcol|dec	1.2463900000000001
1M|u16|negcol|c128	1.079275
1M|u16|strided|bool	0.187775
1M|u16|strided|u8	0.14421999999999999
1M|u16|strided|i8	0.15483
1M|u16|strided|i16	0.27671000000000001
1M|u16|strided|u16	0.21177000000000001
1M|u16|strided|i32	0.29155999999999999
1M|u16|strided|u32	0.27501000000000003
1M|u16|strided|i64	0.32741500000000001
1M|u16|strided|u64	0.37394500000000003
1M|u16|strided|char	0.15413499999999999
1M|u16|strided|f16	0.94678000000000007
1M|u16|strided|f32	0.32025999999999999
1M|u16|strided|f64	0.34970000000000001
1M|u16|strided|dec	0.69576000000000005
1M|u16|strided|c128	0.67439499999999997
1M|u16|bcast|bool	0.35402999999999996
1M|u16|bcast|u8	0.10782499999999999
1M|u16|bcast|i8	0.072569999999999996
1M|u16|bcast|i16	0.27463000000000004
1M|u16|bcast|u16	0.29846499999999998
1M|u16|bcast|i32	0.43201000000000001
1M|u16|bcast|u32	0.56045999999999996
1M|u16|bcast|i64	0.69942499999999996
1M|u16|bcast|u64	0.64276500000000003
1M|u16|bcast|char	0.42942999999999998
1M|u16|bcast|f16	1.978755
1M|u16|bcast|f32	0.45635500000000001
1M|u16|bcast|f64	0.63851500000000005
1M|u16|bcast|dec	1.3474249999999999
1M|u16|bcast|c128	1.826735
1M|i32|C|bool	0.49899500000000002
1M|i32|C|u8	0.20813000000000001
1M|i32|C|i8	0.20422500000000002
1M|i32|C|i16	0.28894500000000001
1M|i32|C|u16	0.45473999999999998
1M|i32|C|i32	0.56193000000000004
1M|i32|C|u32	0.39299000000000001
1M|i32|C|i64	2.6624849999999998
1M|i32|C|u64	3.75901
1M|i32|C|char	0.66974500000000003
1M|i32|C|f16	3.3274050000000002
1M|i32|C|f32	1.109755
1M|i32|C|f64	2.1491599999999997
1M|i32|C|dec	1.8790800000000001
1M|i32|C|c128	2.1770649999999998
1M|i32|F|bool	0.48838999999999999
1M|i32|F|u8	0.44908999999999999
1M|i32|F|i8	0.31392999999999999
1M|i32|F|i16	0.45080500000000001
1M|i32|F|u16	0.41367999999999999
1M|i32|F|i32	0.935585
1M|i32|F|u32	0.33155999999999997
1M|i32|F|i64	1.68669
1M|i32|F|u64	2.4233799999999999
1M|i32|F|char	0.59291499999999997
1M|i32|F|f16	4.1468600000000002
1M|i32|F|f32	0.60444500000000001
1M|i32|F|f64	1.332295
1M|i32|F|dec	1.6666350000000001
1M|i32|F|c128	1.3331649999999999
1M|i32|T|bool	0.35868
1M|i32|T|u8	0.19194
1M|i32|T|i8	0.19305
1M|i32|T|i16	0.27703
1M|i32|T|u16	0.29912499999999997
1M|i32|T|i32	0.33759499999999998
1M|i32|T|u32	0.33063999999999999
1M|i32|T|i64	0.58095999999999992
1M|i32|T|u64	2.1922699999999997
1M|i32|T|char	0.37618999999999997
1M|i32|T|f16	1.9273499999999999
1M|i32|T|f32	0.398725
1M|i32|T|f64	0.612765
1M|i32|T|dec	1.021145
1M|i32|T|c128	1.1462699999999999
1M|i32|sliced|bool	0.35807500000000003
1M|i32|sliced|u8	0.30876999999999999
1M|i32|sliced|i8	0.29847000000000001
1M|i32|sliced|i16	0.29259000000000002
1M|i32|sliced|u16	0.27867999999999998
1M|i32|sliced|i32	0.37612999999999996
1M|i32|sliced|u32	0.37436999999999998
1M|i32|sliced|i64	0.51180500000000007
1M|i32|sliced|u64	2.2966150000000001
1M|i32|sliced|char	0.39432
1M|i32|sliced|f16	1.888625
1M|i32|sliced|f32	0.44375500000000001
1M|i32|sliced|f64	0.53950500000000001
1M|i32|sliced|dec	1.067925
1M|i32|sliced|c128	1.04122
1M|i32|negrow|bool	0.36941999999999997
1M|i32|negrow|u8	0.28042500000000004
1M|i32|negrow|i8	0.29175499999999999
1M|i32|negrow|i16	0.27241499999999996
1M|i32|negrow|u16	0.26241999999999999
1M|i32|negrow|i32	0.35955999999999999
1M|i32|negrow|u32	0.40953999999999996
1M|i32|negrow|i64	0.61704999999999999
1M|i32|negrow|u64	2.232685
1M|i32|negrow|char	0.38599
1M|i32|negrow|f16	1.9574200000000002
1M|i32|negrow|f32	0.44753499999999996
1M|i32|negrow|f64	0.57655000000000001
1M|i32|negrow|dec	1.0619000000000001
1M|i32|negrow|c128	1.0819399999999999
1M|i32|negcol|bool	0.37545499999999998
1M|i32|negcol|u8	0.28363499999999997
1M|i32|negcol|i8	0.27812999999999999
1M|i32|negcol|i16	0.44066499999999997
1M|i32|negcol|u16	0.41274499999999997
1M|i32|negcol|i32	0.45793499999999998
1M|i32|negcol|u32	0.42840999999999996
1M|i32|negcol|i64	0.63969500000000001
1M|i32|negcol|u64	2.4433400000000001
1M|i32|negcol|char	0.38584999999999997
1M|i32|negcol|f16	1.90361
1M|i32|negcol|f32	0.44439499999999998
1M|i32|negcol|f64	0.609375
1M|i32|negcol|dec	1.1342599999999998
1M|i32|negcol|c128	1.0165500000000001
1M|i32|strided|bool	0.18352499999999999
1M|i32|strided|u8	0.143985
1M|i32|strided|i8	0.13900999999999999
1M|i32|strided|i16	0.19430500000000001
1M|i32|strided|u16	0.158555
1M|i32|strided|i32	0.30195
1M|i32|strided|u32	0.29331999999999997
1M|i32|strided|i64	0.37134
1M|i32|strided|u64	1.2828900000000001
1M|i32|strided|char	0.15699000000000002
1M|i32|strided|f16	0.91391500000000003
1M|i32|strided|f32	0.30419000000000002
1M|i32|strided|f64	0.37045499999999998
1M|i32|strided|dec	0.49676999999999999
1M|i32|strided|c128	0.60516999999999999
1M|i32|bcast|bool	0.36524499999999999
1M|i32|bcast|u8	0.062490000000000004
1M|i32|bcast|i8	0.086050000000000001
1M|i32|bcast|i16	0.2772
1M|i32|bcast|u16	0.25708500000000001
1M|i32|bcast|i32	0.348885
1M|i32|bcast|u32	0.352275
1M|i32|bcast|i64	0.64641000000000004
1M|i32|bcast|u64	2.3043849999999999
1M|i32|bcast|char	0.37798999999999999
1M|i32|bcast|f16	1.8360050000000001
1M|i32|bcast|f32	0.37622
1M|i32|bcast|f64	0.64974999999999994
1M|i32|bcast|dec	1.30654
1M|i32|bcast|c128	1.116025
1M|u32|C|bool	0.40499000000000002
1M|u32|C|u8	0.193025
1M|u32|C|i8	0.18564
1M|u32|C|i16	0.262295
1M|u32|C|u16	0.26075999999999999
1M|u32|C|i32	0.315695
1M|u32|C|u32	0.30680999999999997
1M|u32|C|i64	0.56379500000000005
1M|u32|C|u64	0.63532500000000003
1M|u32|C|char	0.36227999999999999
1M|u32|C|f16	2.0484249999999999
1M|u32|C|f32	0.52634999999999998
1M|u32|C|f64	0.67906
1M|u32|C|dec	1.1845750000000002
1M|u32|C|c128	1.2623799999999998
1M|u32|F|bool	0.36656499999999997
1M|u32|F|u8	0.18878
1M|u32|F|i8	0.1865
1M|u32|F|i16	0.25801499999999999
1M|u32|F|u16	0.28214499999999998
1M|u32|F|i32	0.34453
1M|u32|F|u32	0.32479000000000002
1M|u32|F|i64	0.81284500000000004
1M|u32|F|u64	0.60082500000000005
1M|u32|F|char	0.40351999999999999
1M|u32|F|f16	2.2220949999999999
1M|u32|F|f32	0.52532000000000001
1M|u32|F|f64	0.57674999999999998
1M|u32|F|dec	1.4332
1M|u32|F|c128	1.13306
1M|u32|T|bool	0.35422500000000001
1M|u32|T|u8	0.19416
1M|u32|T|i8	0.18707000000000001
1M|u32|T|i16	0.29725499999999999
1M|u32|T|u16	0.29819499999999999
1M|u32|T|i32	0.31253000000000003
1M|u32|T|u32	0.30378500000000003
1M|u32|T|i64	0.63011499999999998
1M|u32|T|u64	0.60180999999999996
1M|u32|T|char	0.36419000000000001
1M|u32|T|f16	2.0023749999999998
1M|u32|T|f32	0.52060000000000006
1M|u32|T|f64	0.55905500000000008
1M|u32|T|dec	0.99705499999999991
1M|u32|T|c128	1.025585
1M|u32|sliced|bool	0.36865500000000001
1M|u32|sliced|u8	0.29932999999999998
1M|u32|sliced|i8	0.28958499999999998
1M|u32|sliced|i16	0.26200000000000001
1M|u32|sliced|u16	0.26461000000000001
1M|u32|sliced|i32	0.37227500000000002
1M|u32|sliced|u32	0.368755
1M|u32|sliced|i64	0.56074500000000005
1M|u32|sliced|u64	0.59677000000000002
1M|u32|sliced|char	0.35634500000000002
1M|u32|sliced|f16	1.99529
1M|u32|sliced|f32	0.51480999999999999
1M|u32|sliced|f64	0.58413000000000004
1M|u32|sliced|dec	1.14788
1M|u32|sliced|c128	1.1281950000000001
1M|u32|negrow|bool	0.377025
1M|u32|negrow|u8	0.284335
1M|u32|negrow|i8	0.29385
1M|u32|negrow|i16	0.25479499999999999
1M|u32|negrow|u16	0.26549499999999998
1M|u32|negrow|i32	0.35018500000000002
1M|u32|negrow|u32	0.37825500000000001
1M|u32|negrow|i64	0.59529500000000002
1M|u32|negrow|u64	0.53832999999999998
1M|u32|negrow|char	0.37717499999999998
1M|u32|negrow|f16	2.0126999999999997
1M|u32|negrow|f32	0.54766999999999999
1M|u32|negrow|f64	0.59063500000000002
1M|u32|negrow|dec	1.07572
1M|u32|negrow|c128	1.004305
1M|u32|negcol|bool	0.38296999999999998
1M|u32|negcol|u8	0.28534500000000002
1M|u32|negcol|i8	0.27668999999999999
1M|u32|negcol|i16	0.392345
1M|u32|negcol|u16	0.38561000000000001
1M|u32|negcol|i32	0.43870500000000001
1M|u32|negcol|u32	0.47465000000000002
1M|u32|negcol|i64	0.55295500000000009
1M|u32|negcol|u64	0.56581499999999996
1M|u32|negcol|char	0.38389499999999999
1M|u32|negcol|f16	2.048635
1M|u32|negcol|f32	0.53915000000000002
1M|u32|negcol|f64	0.54774500000000004
1M|u32|negcol|dec	1.043885
1M|u32|negcol|c128	1.0194350000000001
1M|u32|strided|bool	0.19026499999999999
1M|u32|strided|u8	0.14432499999999998
1M|u32|strided|i8	0.14165
1M|u32|strided|i16	0.169265
1M|u32|strided|u16	0.15717
1M|u32|strided|i32	0.27260499999999999
1M|u32|strided|u32	0.33580500000000002
1M|u32|strided|i64	0.36114000000000002
1M|u32|strided|u64	0.37868499999999999
1M|u32|strided|char	0.17491499999999999
1M|u32|strided|f16	0.98951499999999992
1M|u32|strided|f32	0.33060999999999996
1M|u32|strided|f64	0.341665
1M|u32|strided|dec	0.63305
1M|u32|strided|c128	0.56001500000000004
1M|u32|bcast|bool	0.36279
1M|u32|bcast|u8	0.068885000000000002
1M|u32|bcast|i8	0.06862
1M|u32|bcast|i16	0.25759500000000002
1M|u32|bcast|u16	0.25301999999999997
1M|u32|bcast|i32	0.33603499999999997
1M|u32|bcast|u32	0.34373500000000001
1M|u32|bcast|i64	0.63361000000000001
1M|u32|bcast|u64	0.60516999999999999
1M|u32|bcast|char	0.36302500000000004
1M|u32|bcast|f16	1.9349350000000001
1M|u32|bcast|f32	0.33586499999999997
1M|u32|bcast|f64	0.56115999999999999
1M|u32|bcast|dec	0.96315000000000006
1M|u32|bcast|c128	0.91416000000000008
1M|i64|C|bool	0.36937999999999999
1M|i64|C|u8	0.21221000000000001
1M|i64|C|i8	0.20643500000000001
1M|i64|C|i16	0.37639999999999996
1M|i64|C|u16	0.371755
1M|i64|C|i32	0.39744499999999999
1M|i64|C|u32	0.37734499999999999
1M|i64|C|i64	0.55777999999999994
1M|i64|C|u64	0.51463999999999999
1M|i64|C|char	0.39541999999999999
1M|i64|C|f16	1.9606549999999998
1M|i64|C|f32	0.45373999999999998
1M|i64|C|f64	0.67476999999999998
1M|i64|C|dec	1.1192150000000001
1M|i64|C|c128	1.167055
1M|i64|F|bool	0.37156
1M|i64|F|u8	0.20892499999999997
1M|i64|F|i8	0.21396500000000002
1M|i64|F|i16	0.36656499999999997
1M|i64|F|u16	0.37068000000000001
1M|i64|F|i32	0.39530999999999999
1M|i64|F|u32	0.40759000000000001
1M|i64|F|i64	0.56498000000000004
1M|i64|F|u64	0.54527999999999999
1M|i64|F|char	0.36321999999999999
1M|i64|F|f16	1.9627949999999998
1M|i64|F|f32	0.43432999999999999
1M|i64|F|f64	0.68145499999999992
1M|i64|F|dec	1.0781399999999999
1M|i64|F|c128	1.1732150000000001
1M|i64|T|bool	0.36621000000000004
1M|i64|T|u8	0.22538
1M|i64|T|i8	0.21339999999999998
1M|i64|T|i16	0.35014500000000004
1M|i64|T|u16	0.36313499999999999
1M|i64|T|i32	0.43930499999999995
1M|i64|T|u32	0.40279999999999994
1M|i64|T|i64	0.53011999999999992
1M|i64|T|u64	0.55396000000000001
1M|i64|T|char	0.38771499999999998
1M|i64|T|f16	2.038815
1M|i64|T|f32	0.41660000000000003
1M|i64|T|f64	0.66033500000000001
1M|i64|T|dec	1.1384750000000001
1M|i64|T|c128	1.04861
1M|i64|sliced|bool	0.36865999999999999
1M|i64|sliced|u8	0.31985000000000002
1M|i64|sliced|i8	0.29146
1M|i64|sliced|i16	0.35474
1M|i64|sliced|u16	0.34151500000000001
1M|i64|sliced|i32	0.39822999999999997
1M|i64|sliced|u32	0.38181500000000002
1M|i64|sliced|i64	0.63867499999999999
1M|i64|sliced|u64	0.62007500000000004
1M|i64|sliced|char	0.36957000000000001
1M|i64|sliced|f16	1.9254100000000001
1M|i64|sliced|f32	0.47885999999999995
1M|i64|sliced|f64	0.59146999999999994
1M|i64|sliced|dec	1.0488599999999999
1M|i64|sliced|c128	1.170685
1M|i64|negrow|bool	0.48737000000000003
1M|i64|negrow|u8	0.303535
1M|i64|negrow|i8	0.33161000000000002
1M|i64|negrow|i16	0.42294500000000002
1M|i64|negrow|u16	0.47354000000000002
1M|i64|negrow|i32	0.52004499999999998
1M|i64|negrow|u32	0.85061999999999993
1M|i64|negrow|i64	0.82294
1M|i64|negrow|u64	0.61193999999999993
1M|i64|negrow|char	0.71233999999999997
1M|i64|negrow|f16	2.5611699999999997
1M|i64|negrow|f32	1.10084
1M|i64|negrow|f64	1.66781
1M|i64|negrow|dec	1.5092399999999999
1M|i64|negrow|c128	1.40598
1M|i64|negcol|bool	0.55042999999999997
1M|i64|negcol|u8	0.52977999999999992
1M|i64|negcol|i8	0.390625
1M|i64|negcol|i16	0.80845999999999996
1M|i64|negcol|u16	0.48737000000000003
1M|i64|negcol|i32	1.0676700000000001
1M|i64|negcol|u32	0.73440000000000005
1M|i64|negcol|i64	0.83962999999999999
1M|i64|negcol|u64	1.0700449999999999
1M|i64|negcol|char	0.49684499999999998
1M|i64|negcol|f16	2.5268350000000002
1M|i64|negcol|f32	1.1506799999999999
1M|i64|negcol|f64	1.47241
1M|i64|negcol|dec	1.6541699999999999
1M|i64|negcol|c128	1.0394999999999999
1M|i64|strided|bool	0.20119500000000001
1M|i64|strided|u8	0.164715
1M|i64|strided|i8	0.16292999999999999
1M|i64|strided|i16	0.19469500000000001
1M|i64|strided|u16	0.19580999999999998
1M|i64|strided|i32	0.33157999999999999
1M|i64|strided|u32	0.32970500000000003
1M|i64|strided|i64	0.45078500000000005
1M|i64|strided|u64	0.41393500000000005
1M|i64|strided|char	0.19622000000000001
1M|i64|strided|f16	0.98772000000000004
1M|i64|strided|f32	0.32646999999999998
1M|i64|strided|f64	0.38903500000000002
1M|i64|strided|dec	0.55688500000000007
1M|i64|strided|c128	0.62697000000000003
1M|i64|bcast|bool	0.37313999999999997
1M|i64|bcast|u8	0.110455
1M|i64|bcast|i8	0.072825000000000001
1M|i64|bcast|i16	0.2903
1M|i64|bcast|u16	0.25688499999999997
1M|i64|bcast|i32	0.35826999999999998
1M|i64|bcast|u32	0.35155999999999998
1M|i64|bcast|i64	0.57876000000000005
1M|i64|bcast|u64	0.58845499999999995
1M|i64|bcast|char	0.409605
1M|i64|bcast|f16	1.92012
1M|i64|bcast|f32	0.39895999999999998
1M|i64|bcast|f64	0.53985499999999997
1M|i64|bcast|dec	1.1592150000000001
1M|i64|bcast|c128	1.227795
1M|u64|C|bool	0.387465
1M|u64|C|u8	0.22247499999999998
1M|u64|C|i8	0.21359499999999998
1M|u64|C|i16	0.43753500000000001
1M|u64|C|u16	0.41110499999999994
1M|u64|C|i32	0.41670499999999999
1M|u64|C|u32	0.43914999999999998
1M|u64|C|i64	0.59904999999999997
1M|u64|C|u64	0.57633500000000004
1M|u64|C|char	0.44277499999999997
1M|u64|C|f16	2.4678650000000002
1M|u64|C|f32	0.68330999999999997
1M|u64|C|f64	0.78284500000000001
1M|u64|C|dec	1.39754
1M|u64|C|c128	1.308595
1M|u64|F|bool	0.36921999999999999
1M|u64|F|u8	0.21997499999999998
1M|u64|F|i8	0.22627000000000003
1M|u64|F|i16	0.36347999999999997
1M|u64|F|u16	0.39671500000000004
1M|u64|F|i32	0.39793500000000004
1M|u64|F|u32	0.38661000000000001
1M|u64|F|i64	0.65451499999999996
1M|u64|F|u64	0.53105000000000002
1M|u64|F|char	0.419435
1M|u64|F|f16	2.4415299999999998
1M|u64|F|f32	0.67951499999999998
1M|u64|F|f64	0.72860500000000006
1M|u64|F|dec	1.21224
1M|u64|F|c128	1.2756099999999999
1M|u64|T|bool	0.37396499999999999
1M|u64|T|u8	0.22553499999999999
1M|u64|T|i8	0.22162500000000002
1M|u64|T|i16	0.38756499999999999
1M|u64|T|u16	0.39570500000000003
1M|u64|T|i32	0.39666999999999997
1M|u64|T|u32	0.42944500000000002
1M|u64|T|i64	0.63302999999999998
1M|u64|T|u64	0.56956499999999999
1M|u64|T|char	0.37903999999999999
1M|u64|T|f16	2.7543449999999998
1M|u64|T|f32	0.69045000000000001
1M|u64|T|f64	0.872645
1M|u64|T|dec	1.559485
1M|u64|T|c128	1.4226399999999999
1M|u64|sliced|bool	0.38432499999999997
1M|u64|sliced|u8	0.31278499999999998
1M|u64|sliced|i8	0.296155
1M|u64|sliced|i16	0.39404
1M|u64|sliced|u16	0.45346000000000003
1M|u64|sliced|i32	0.57084500000000005
1M|u64|sliced|u32	0.57915000000000005
1M|u64|sliced|i64	0.79109499999999999
1M|u64|sliced|u64	0.64878999999999998
1M|u64|sliced|char	0.448625
1M|u64|sliced|f16	2.7258050000000003
1M|u64|sliced|f32	0.87757000000000007
1M|u64|sliced|f64	0.98170999999999997
1M|u64|sliced|dec	1.6016699999999999
1M|u64|sliced|c128	1.7519749999999998
1M|u64|negrow|bool	0.495195
1M|u64|negrow|u8	0.32389999999999997
1M|u64|negrow|i8	0.375695
1M|u64|negrow|i16	0.48963000000000001
1M|u64|negrow|u16	0.448625
1M|u64|negrow|i32	0.44275500000000001
1M|u64|negrow|u32	0.44365500000000002
1M|u64|negrow|i64	0.98002
1M|u64|negrow|u64	0.77340500000000001
1M|u64|negrow|char	0.42133500000000002
1M|u64|negrow|f16	2.7756499999999997
1M|u64|negrow|f32	0.87809000000000004
1M|u64|negrow|f64	0.98094999999999999
1M|u64|negrow|dec	1.23183
1M|u64|negrow|c128	1.218245
1M|u64|negcol|bool	0.39683999999999997
1M|u64|negcol|u8	0.302755
1M|u64|negcol|i8	0.29531000000000002
1M|u64|negcol|i16	0.41281999999999996
1M|u64|negcol|u16	0.40669000000000005
1M|u64|negcol|i32	0.44616499999999998
1M|u64|negcol|u32	0.44433999999999996
1M|u64|negcol|i64	0.66442500000000004
1M|u64|negcol|u64	0.64392500000000008
1M|u64|negcol|char	0.40275499999999997
1M|u64|negcol|f16	2.5751149999999998
1M|u64|negcol|f32	0.80763999999999991
1M|u64|negcol|f64	1.1449450000000001
1M|u64|negcol|dec	1.366455
1M|u64|negcol|c128	1.4776849999999999
1M|u64|strided|bool	0.22719999999999999
1M|u64|strided|u8	0.16419500000000001
1M|u64|strided|i8	0.163245
1M|u64|strided|i16	0.20277500000000001
1M|u64|strided|u16	0.20461499999999999
1M|u64|strided|i32	0.36628500000000003
1M|u64|strided|u32	0.377805
1M|u64|strided|i64	0.4335
1M|u64|strided|u64	0.42742000000000002
1M|u64|strided|char	0.20411499999999999
1M|u64|strided|f16	1.2705899999999999
1M|u64|strided|f32	0.49130499999999999
1M|u64|strided|f64	0.47495000000000004
1M|u64|strided|dec	0.60577999999999999
1M|u64|strided|c128	0.555145
1M|u64|bcast|bool	0.36766500000000002
1M|u64|bcast|u8	0.077395000000000005
1M|u64|bcast|i8	0.060765
1M|u64|bcast|i16	0.25215500000000002
1M|u64|bcast|u16	0.25973999999999997
1M|u64|bcast|i32	0.35266999999999998
1M|u64|bcast|u32	0.37650499999999998
1M|u64|bcast|i64	0.63493500000000003
1M|u64|bcast|u64	0.74964500000000001
1M|u64|bcast|char	0.38353999999999999
1M|u64|bcast|f16	2.440375
1M|u64|bcast|f32	0.33860999999999997
1M|u64|bcast|f64	0.75468999999999997
1M|u64|bcast|dec	1.16127
1M|u64|bcast|c128	0.97585999999999995
1M|char|C|bool	0.37254999999999999
1M|char|C|u8	0.27773999999999999
1M|char|C|i8	0.27704000000000001
1M|char|C|i16	0.37353500000000001
1M|char|C|u16	0.37936500000000001
1M|char|C|i32	0.40331499999999998
1M|char|C|u32	0.42004999999999998
1M|char|C|i64	0.53137000000000001
1M|char|C|u64	0.50850499999999998
1M|char|C|char	0.19402
1M|char|C|f16	1.92191
1M|char|C|f32	0.45573499999999995
1M|char|C|f64	0.58353500000000003
1M|char|C|dec	1.0212999999999999
1M|char|C|c128	1.0543150000000001
1M|char|F|bool	0.35991000000000001
1M|char|F|u8	0.27388499999999999
1M|char|F|i8	0.26914500000000002
1M|char|F|i16	0.3705
1M|char|F|u16	0.38270499999999996
1M|char|F|i32	0.41406999999999999
1M|char|F|u32	0.40256499999999995
1M|char|F|i64	0.63586500000000001
1M|char|F|u64	0.59220499999999998
1M|char|F|char	0.206285
1M|char|F|f16	1.9005199999999998
1M|char|F|f32	0.45568500000000001
1M|char|F|f64	0.55486000000000002
1M|char|F|dec	1.0607799999999998
1M|char|F|c128	1.044945
1M|char|T|bool	0.36673
1M|char|T|u8	0.27221000000000001
1M|char|T|i8	0.27258499999999997
1M|char|T|i16	0.35730499999999998
1M|char|T|u16	0.35815000000000002
1M|char|T|i32	0.40561499999999995
1M|char|T|u32	0.43394500000000003
1M|char|T|i64	0.62064000000000008
1M|char|T|u64	0.59723499999999996
1M|char|T|char	0.21051500000000001
1M|char|T|f16	1.8838300000000001
1M|char|T|f32	0.45748
1M|char|T|f64	0.55721500000000002
1M|char|T|dec	1.0907550000000001
1M|char|T|c128	1.0294349999999999
1M|char|sliced|bool	0.37073499999999998
1M|char|sliced|u8	0.28172999999999998
1M|char|sliced|i8	0.27954000000000001
1M|char|sliced|i16	0.40991
1M|char|sliced|u16	0.36987999999999999
1M|char|sliced|i32	0.40567500000000001
1M|char|sliced|u32	0.42333499999999996
1M|char|sliced|i64	0.56371000000000004
1M|char|sliced|u64	0.59957000000000005
1M|char|sliced|char	0.25677500000000003
1M|char|sliced|f16	2.1297999999999999
1M|char|sliced|f32	0.46442500000000003
1M|char|sliced|f64	0.710565
1M|char|sliced|dec	1.1103099999999999
1M|char|sliced|c128	1.14235
1M|char|negrow|bool	0.37695500000000004
1M|char|negrow|u8	0.28297500000000003
1M|char|negrow|i8	0.28268499999999996
1M|char|negrow|i16	0.40532500000000005
1M|char|negrow|u16	0.40209499999999998
1M|char|negrow|i32	0.43185000000000001
1M|char|negrow|u32	0.44550999999999996
1M|char|negrow|i64	0.52926499999999999
1M|char|negrow|u64	0.51657500000000001
1M|char|negrow|char	0.28826999999999997
1M|char|negrow|f16	1.9241499999999998
1M|char|negrow|f32	0.46126500000000004
1M|char|negrow|f64	0.58128500000000005
1M|char|negrow|dec	1.076595
1M|char|negrow|c128	1.0013049999999999
1M|char|negcol|bool	0.37940999999999997
1M|char|negcol|u8	0.28509499999999999
1M|char|negcol|i8	0.29076000000000002
1M|char|negcol|i16	0.37110500000000002
1M|char|negcol|u16	0.38788999999999996
1M|char|negcol|i32	0.41261000000000003
1M|char|negcol|u32	0.41905500000000001
1M|char|negcol|i64	0.648115
1M|char|negcol|u64	0.60355499999999995
1M|char|negcol|char	0.39605499999999999
1M|char|negcol|f16	1.9353750000000001
1M|char|negcol|f32	0.46628999999999998
1M|char|negcol|f64	0.59226000000000001
1M|char|negcol|dec	1.0484249999999999
1M|char|negcol|c128	1.0263199999999999
1M|char|strided|bool	0.19342500000000001
1M|char|strided|u8	0.14224000000000001
1M|char|strided|i8	0.14496500000000001
1M|char|strided|i16	0.164045
1M|char|strided|u16	0.15769
1M|char|strided|i32	0.29323500000000002
1M|char|strided|u32	0.28753499999999999
1M|char|strided|i64	0.36091000000000001
1M|char|strided|u64	0.355215
1M|char|strided|char	0.189165
1M|char|strided|f16	0.93938500000000003
1M|char|strided|f32	0.299985
1M|char|strided|f64	0.38755499999999998
1M|char|strided|dec	0.59035000000000004
1M|char|strided|c128	0.61294000000000004
1M|char|bcast|bool	0.37297999999999998
1M|char|bcast|u8	0.27902499999999997
1M|char|bcast|i8	0.28117999999999999
1M|char|bcast|i16	0.37368499999999999
1M|char|bcast|u16	0.37063499999999999
1M|char|bcast|i32	0.413825
1M|char|bcast|u32	0.40156000000000003
1M|char|bcast|i64	0.57994000000000001
1M|char|bcast|u64	0.608325
1M|char|bcast|char	0.25588
1M|char|bcast|f16	1.903465
1M|char|bcast|f32	0.46505000000000002
1M|char|bcast|f64	0.62904000000000004
1M|char|bcast|dec	1.0944449999999999
1M|char|bcast|c128	1.0773649999999999
1M|f16|C|bool	2.2631749999999999
1M|f16|C|u8	1.865745
1M|f16|C|i8	1.8018999999999998
1M|f16|C|i16	1.8823000000000001
1M|f16|C|u16	1.8988
1M|f16|C|i32	2.04013
1M|f16|C|u32	1.8477900000000003
1M|f16|C|i64	2.2104399999999997
1M|f16|C|u64	2.00623
1M|f16|C|char	1.8675650000000001
1M|f16|C|f16	0.20390000000000003
1M|f16|C|f32	1.532465
1M|f16|C|f64	1.581645
1M|f16|C|dec	6.8741699999999994
1M|f16|C|c128	1.8262799999999999
1M|f16|F|bool	2.2769900000000001
1M|f16|F|u8	1.7653649999999999
1M|f16|F|i8	1.8389099999999998
1M|f16|F|i16	1.87151
1M|f16|F|u16	1.904955
1M|f16|F|i32	2.02149
1M|f16|F|u32	1.8518049999999999
1M|f16|F|i64	2.2687999999999997
1M|f16|F|u64	2.0224299999999999
1M|f16|F|char	1.8784949999999998
1M|f16|F|f16	0.207015
1M|f16|F|f32	1.51993
1M|f16|F|f64	1.5763400000000001
1M|f16|F|dec	6.890175000000001
1M|f16|F|c128	1.8211200000000001
1M|f16|T|bool	2.2692199999999998
1M|f16|T|u8	1.7607649999999999
1M|f16|T|i8	1.76512
1M|f16|T|i16	1.8608750000000001
1M|f16|T|u16	1.9273
1M|f16|T|i32	2.01207
1M|f16|T|u32	1.836835
1M|f16|T|i64	2.2362449999999998
1M|f16|T|u64	2.0053200000000002
1M|f16|T|char	1.8407900000000001
1M|f16|T|f16	0.20373999999999998
1M|f16|T|f32	1.5324599999999999
1M|f16|T|f64	1.5690599999999999
1M|f16|T|dec	6.7678050000000001
1M|f16|T|c128	1.8468599999999999
1M|f16|sliced|bool	2.2687349999999999
1M|f16|sliced|u8	1.757665
1M|f16|sliced|i8	1.7808599999999999
1M|f16|sliced|i16	1.8949950000000002
1M|f16|sliced|u16	1.876485
1M|f16|sliced|i32	2.0474699999999997
1M|f16|sliced|u32	1.8562550000000002
1M|f16|sliced|i64	2.27563
1M|f16|sliced|u64	2.0079050000000001
1M|f16|sliced|char	1.8720199999999998
1M|f16|sliced|f16	0.27510000000000001
1M|f16|sliced|f32	1.5277350000000001
1M|f16|sliced|f64	1.62259
1M|f16|sliced|dec	6.7619449999999999
1M|f16|sliced|c128	1.8610800000000001
1M|f16|negrow|bool	2.3130250000000001
1M|f16|negrow|u8	1.8149799999999998
1M|f16|negrow|i8	1.81033
1M|f16|negrow|i16	1.92971
1M|f16|negrow|u16	1.8883350000000001
1M|f16|negrow|i32	2.0166899999999996
1M|f16|negrow|u32	1.9447700000000001
1M|f16|negrow|i64	2.3172899999999998
1M|f16|negrow|u64	2.1255500000000001
1M|f16|negrow|char	1.9434149999999999
1M|f16|negrow|f16	0.26517000000000002
1M|f16|negrow|f32	1.56762
1M|f16|negrow|f64	1.6756850000000001
1M|f16|negrow|dec	7.0167599999999997
1M|f16|negrow|c128	2.0105899999999997
1M|f16|negcol|bool	2.3201450000000001
1M|f16|negcol|u8	1.8061599999999998
1M|f16|negcol|i8	1.8111999999999999
1M|f16|negcol|i16	1.9589700000000001
1M|f16|negcol|u16	1.9831099999999999
1M|f16|negcol|i32	2.0683050000000001
1M|f16|negcol|u32	1.9654050000000001
1M|f16|negcol|i64	2.3303249999999998
1M|f16|negcol|u64	2.0867149999999999
1M|f16|negcol|char	1.9014600000000002
1M|f16|negcol|f16	0.43754499999999996
1M|f16|negcol|f32	1.563015
1M|f16|negcol|f64	1.6223500000000002
1M|f16|negcol|dec	6.8401399999999999
1M|f16|negcol|c128	1.8426549999999999
1M|f16|strided|bool	1.1495150000000001
1M|f16|strided|u8	0.89792000000000005
1M|f16|strided|i8	0.93498999999999999
1M|f16|strided|i16	0.92816500000000013
1M|f16|strided|u16	0.93833
1M|f16|strided|i32	1.1204100000000001
1M|f16|strided|u32	1.0173349999999999
1M|f16|strided|i64	1.1408149999999999
1M|f16|strided|u64	1.047215
1M|f16|strided|char	0.95932499999999998
1M|f16|strided|f16	0.20138500000000001
1M|f16|strided|f32	0.87491000000000008
1M|f16|strided|f64	0.82741000000000009
1M|f16|strided|dec	3.5737450000000002
1M|f16|strided|c128	1.045695
1M|f16|bcast|bool	2.3092899999999998
1M|f16|bcast|u8	1.7833700000000001
1M|f16|bcast|i8	1.8022050000000001
1M|f16|bcast|i16	1.9000650000000001
1M|f16|bcast|u16	1.8725499999999999
1M|f16|bcast|i32	1.9860949999999999
1M|f16|bcast|u32	1.8553599999999999
1M|f16|bcast|i64	2.199945
1M|f16|bcast|u64	2.003145
1M|f16|bcast|char	1.8957950000000001
1M|f16|bcast|f16	0.26112999999999997
1M|f16|bcast|f32	1.521695
1M|f16|bcast|f64	1.581955
1M|f16|bcast|dec	6.7057450000000003
1M|f16|bcast|c128	1.8799399999999999
1M|f32|C|bool	0.59783999999999993
1M|f32|C|u8	2.4015399999999998
1M|f32|C|i8	2.5848900000000001
1M|f32|C|i16	2.8045
1M|f32|C|u16	2.7977400000000001
1M|f32|C|i32	0.40664
1M|f32|C|u32	1.3770799999999999
1M|f32|C|i64	1.5392049999999999
1M|f32|C|u64	1.673975
1M|f32|C|char	2.7883550000000001
1M|f32|C|f16	1.739555
1M|f32|C|f32	0.30354999999999999
1M|f32|C|f64	0.65434999999999999
1M|f32|C|dec	9.7470049999999997
1M|f32|C|c128	1.1508100000000001
1M|f32|F|bool	0.58627000000000007
1M|f32|F|u8	2.6536900000000001
1M|f32|F|i8	2.685635
1M|f32|F|i16	2.8289599999999999
1M|f32|F|u16	2.7719499999999999
1M|f32|F|i32	0.38614500000000002
1M|f32|F|u32	1.3626799999999999
1M|f32|F|i64	1.5007649999999999
1M|f32|F|u64	1.639875
1M|f32|F|char	2.6982900000000001
1M|f32|F|f16	1.7249649999999999
1M|f32|F|f32	0.31340000000000001
1M|f32|F|f64	0.60270500000000005
1M|f32|F|dec	9.6935149999999997
1M|f32|F|c128	1.1861299999999999
1M|f32|T|bool	0.59129500000000002
1M|f32|T|u8	2.675125
1M|f32|T|i8	2.6799150000000003
1M|f32|T|i16	2.7859400000000001
1M|f32|T|u16	2.7634150000000002
1M|f32|T|i32	0.37567499999999998
1M|f32|T|u32	1.3549849999999999
1M|f32|T|i64	1.52607
1M|f32|T|u64	1.6328199999999999
1M|f32|T|char	2.697155
1M|f32|T|f16	1.732985
1M|f32|T|f32	0.31887500000000002
1M|f32|T|f64	0.56268499999999999
1M|f32|T|dec	9.77285
1M|f32|T|c128	1.1541349999999999
1M|f32|sliced|bool	0.62121500000000007
1M|f32|sliced|u8	2.6692849999999999
1M|f32|sliced|i8	2.6582699999999999
1M|f32|sliced|i16	2.7812799999999998
1M|f32|sliced|u16	2.7831250000000001
1M|f32|sliced|i32	2.7822199999999997
1M|f32|sliced|u32	1.3714549999999999
1M|f32|sliced|i64	1.533555
1M|f32|sliced|u64	1.6623100000000002
1M|f32|sliced|char	2.7680499999999997
1M|f32|sliced|f16	1.739695
1M|f32|sliced|f32	0.37281500000000001
1M|f32|sliced|f64	0.64271
1M|f32|sliced|dec	9.8671550000000003
1M|f32|sliced|c128	1.174965
1M|f32|negrow|bool	0.60882999999999998
1M|f32|negrow|u8	2.6867399999999999
1M|f32|negrow|i8	2.7009449999999999
1M|f32|negrow|i16	2.8155650000000003
1M|f32|negrow|u16	2.8038599999999998
1M|f32|negrow|i32	2.834155
1M|f32|negrow|u32	1.3746449999999999
1M|f32|negrow|i64	1.5547949999999999
1M|f32|negrow|u64	1.68994
1M|f32|negrow|char	2.8111249999999997
1M|f32|negrow|f16	1.7567550000000001
1M|f32|negrow|f32	0.37452000000000002
1M|f32|negrow|f64	0.65809499999999999
1M|f32|negrow|dec	9.850950000000001
1M|f32|negrow|c128	1.1812
1M|f32|negcol|bool	0.61737500000000001
1M|f32|negcol|u8	2.7015350000000002
1M|f32|negcol|i8	2.6875900000000001
1M|f32|negcol|i16	2.8088899999999999
1M|f32|negcol|u16	2.8203050000000003
1M|f32|negcol|i32	2.85202
1M|f32|negcol|u32	1.403035
1M|f32|negcol|i64	1.5235749999999999
1M|f32|negcol|u64	1.7222300000000001
1M|f32|negcol|char	2.8228300000000002
1M|f32|negcol|f16	1.754005
1M|f32|negcol|f32	0.48237500000000005
1M|f32|negcol|f64	1.071445
1M|f32|negcol|dec	9.8736500000000014
1M|f32|negcol|c128	1.202825
1M|f32|strided|bool	0.30729000000000001
1M|f32|strided|u8	1.342185
1M|f32|strided|i8	1.34276
1M|f32|strided|i16	1.37338
1M|f32|strided|u16	1.367235
1M|f32|strided|i32	1.4545249999999998
1M|f32|strided|u32	0.77110999999999996
1M|f32|strided|i64	0.74444999999999995
1M|f32|strided|u64	0.86552000000000007
1M|f32|strided|char	1.4089100000000001
1M|f32|strided|f16	0.88001000000000007
1M|f32|strided|f32	0.33957000000000004
1M|f32|strided|f64	0.56488500000000008
1M|f32|strided|dec	5.04244
1M|f32|strided|c128	0.60419
1M|f32|bcast|bool	0.60791000000000006
1M|f32|bcast|u8	0.058614999999999993
1M|f32|bcast|i8	0.076825000000000004
1M|f32|bcast|i16	0.26897000000000004
1M|f32|bcast|u16	0.26738000000000001
1M|f32|bcast|i32	0.36018
1M|f32|bcast|u32	0.35511999999999999
1M|f32|bcast|i64	0.66225000000000001
1M|f32|bcast|u64	0.69423000000000001
1M|f32|bcast|char	2.788335
1M|f32|bcast|f16	1.706145
1M|f32|bcast|f32	0.37474499999999999
1M|f32|bcast|f64	0.63212999999999997
1M|f32|bcast|dec	9.7259600000000006
1M|f32|bcast|c128	1.145375
1M|f64|C|bool	0.59548500000000004
1M|f64|C|u8	1.21814
1M|f64|C|i8	1.1991400000000001
1M|f64|C|i16	1.3441399999999999
1M|f64|C|u16	1.30185
1M|f64|C|i32	0.43525000000000003
1M|f64|C|u32	1.3604150000000002
1M|f64|C|i64	1.535455
1M|f64|C|u64	1.69591
1M|f64|C|char	1.31135
1M|f64|C|f16	3.09205
1M|f64|C|f32	0.443245
1M|f64|C|f64	0.51346999999999998
1M|f64|C|dec	6.0905949999999995
1M|f64|C|c128	1.146725
1M|f64|F|bool	0.59009500000000004
1M|f64|F|u8	1.2083249999999999
1M|f64|F|i8	1.200825
1M|f64|F|i16	1.3167599999999999
1M|f64|F|u16	1.3332950000000001
1M|f64|F|i32	0.41783500000000001
1M|f64|F|u32	1.3670849999999999
1M|f64|F|i64	1.53461
1M|f64|F|u64	1.7100000000000002
1M|f64|F|char	1.29278
1M|f64|F|f16	2.5654349999999999
1M|f64|F|f32	0.41321000000000002
1M|f64|F|f64	0.48020500000000005
1M|f64|F|dec	6.0742099999999999
1M|f64|F|c128	1.2326299999999999
1M|f64|T|bool	0.58623999999999998
1M|f64|T|u8	1.20553
1M|f64|T|i8	1.1918250000000001
1M|f64|T|i16	1.2941400000000001
1M|f64|T|u16	1.3052949999999999
1M|f64|T|i32	0.40759000000000001
1M|f64|T|u32	1.361105
1M|f64|T|i64	1.582875
1M|f64|T|u64	1.7004950000000001
1M|f64|T|char	1.32562
1M|f64|T|f16	2.5687449999999998
1M|f64|T|f32	0.39432499999999998
1M|f64|T|f64	0.48898999999999998
1M|f64|T|dec	6.0860649999999996
1M|f64|T|c128	1.218035
1M|f64|sliced|bool	0.61963499999999994
1M|f64|sliced|u8	1.3056749999999999
1M|f64|sliced|i8	1.303015
1M|f64|sliced|i16	1.34951
1M|f64|sliced|u16	1.3970499999999999
1M|f64|sliced|i32	0.94235500000000005
1M|f64|sliced|u32	1.3765149999999999
1M|f64|sliced|i64	1.531965
1M|f64|sliced|u64	1.7388300000000001
1M|f64|sliced|char	1.2933350000000001
1M|f64|sliced|f16	2.5565850000000001
1M|f64|sliced|f32	0.40026499999999998
1M|f64|sliced|f64	0.60338500000000006
1M|f64|sliced|dec	6.0920749999999995
1M|f64|sliced|c128	1.18804
1M|f64|negrow|bool	0.64230999999999994
1M|f64|negrow|u8	1.3324450000000001
1M|f64|negrow|i8	1.32917
1M|f64|negrow|i16	1.4047100000000001
1M|f64|negrow|u16	1.40181
1M|f64|negrow|i32	0.43080499999999999
1M|f64|negrow|u32	1.4144049999999999
1M|f64|negrow|i64	1.6036249999999999
1M|f64|negrow|u64	1.841075
1M|f64|negrow|char	1.3507099999999999
1M|f64|negrow|f16	2.6602000000000001
1M|f64|negrow|f32	0.44361499999999998
1M|f64|negrow|f64	0.57799500000000004
1M|f64|negrow|dec	6.2267600000000005
1M|f64|negrow|c128	1.3080700000000001
1M|f64|negcol|bool	0.63199500000000008
1M|f64|negcol|u8	1.2969200000000001
1M|f64|negcol|i8	1.2898799999999999
1M|f64|negcol|i16	1.3755000000000002
1M|f64|negcol|u16	1.3940300000000001
1M|f64|negcol|i32	0.42119499999999999
1M|f64|negcol|u32	1.362125
1M|f64|negcol|i64	1.55037
1M|f64|negcol|u64	1.7292200000000002
1M|f64|negcol|char	1.3239449999999999
1M|f64|negcol|f16	2.6556999999999999
1M|f64|negcol|f32	0.50443499999999997
1M|f64|negcol|f64	0.75320500000000001
1M|f64|negcol|dec	6.28104
1M|f64|negcol|c128	1.2914999999999999
1M|f64|strided|bool	0.32508999999999999
1M|f64|strided|u8	0.62428499999999998
1M|f64|strided|i8	0.63298500000000002
1M|f64|strided|i16	0.64863499999999996
1M|f64|strided|u16	0.67166499999999996
1M|f64|strided|i32	0.31279499999999999
1M|f64|strided|u32	0.74165499999999995
1M|f64|strided|i64	0.77625
1M|f64|strided|u64	0.86084999999999989
1M|f64|strided|char	0.64430500000000002
1M|f64|strided|f16	1.3117050000000001
1M|f64|strided|f32	0.37984499999999999
1M|f64|strided|f64	0.40296999999999999
1M|f64|strided|dec	3.2861849999999997
1M|f64|strided|c128	0.69881499999999996
1M|f64|bcast|bool	0.59417500000000001
1M|f64|bcast|u8	0.089580000000000007
1M|f64|bcast|i8	0.068080000000000002
1M|f64|bcast|i16	0.26000999999999996
1M|f64|bcast|u16	0.29105500000000001
1M|f64|bcast|i32	0.36146
1M|f64|bcast|u32	0.37734499999999999
1M|f64|bcast|i64	0.58963999999999994
1M|f64|bcast|u64	0.62601000000000007
1M|f64|bcast|char	1.3037800000000002
1M|f64|bcast|f16	2.4729099999999997
1M|f64|bcast|f32	0.33630499999999997
1M|f64|bcast|f64	0.62880999999999998
1M|f64|bcast|dec	6.027825
1M|f64|bcast|c128	0.999085
1M|dec|C|bool	1.0685499999999999
1M|dec|C|u8	4.4858500000000001
1M|dec|C|i8	4.418825
1M|dec|C|i16	4.4901600000000004
1M|dec|C|u16	4.53423
1M|dec|C|i32	4.4955699999999998
1M|dec|C|u32	4.5262450000000003
1M|dec|C|i64	4.7641299999999998
1M|dec|C|u64	5.37263
1M|dec|C|char	4.5240349999999996
1M|dec|C|f16	4.113785
1M|dec|C|f32	2.0943449999999997
1M|dec|C|f64	2.3054749999999999
1M|dec|C|dec	0.76429999999999998
1M|dec|C|c128	2.4216500000000001
1M|dec|F|bool	1.0244450000000001
1M|dec|F|u8	4.3288649999999995
1M|dec|F|i8	4.3649700000000005
1M|dec|F|i16	4.4412149999999997
1M|dec|F|u16	4.4563299999999995
1M|dec|F|i32	4.4846400000000006
1M|dec|F|u32	4.3726849999999997
1M|dec|F|i64	4.8042749999999996
1M|dec|F|u64	5.237965
1M|dec|F|char	4.4686750000000002
1M|dec|F|f16	4.1291549999999999
1M|dec|F|f32	2.1909000000000001
1M|dec|F|f64	2.2978399999999999
1M|dec|F|dec	0.74493500000000001
1M|dec|F|c128	2.3828399999999998
1M|dec|T|bool	1.1076349999999999
1M|dec|T|u8	4.3847649999999998
1M|dec|T|i8	4.3599449999999997
1M|dec|T|i16	4.4904850000000005
1M|dec|T|u16	4.6067999999999998
1M|dec|T|i32	4.5189500000000002
1M|dec|T|u32	4.3433100000000007
1M|dec|T|i64	4.7294549999999997
1M|dec|T|u64	5.2464599999999999
1M|dec|T|char	4.4519549999999999
1M|dec|T|f16	4.0790850000000001
1M|dec|T|f32	2.0621749999999999
1M|dec|T|f64	2.2867150000000001
1M|dec|T|dec	0.81377500000000003
1M|dec|T|c128	2.41126
1M|dec|sliced|bool	1.1357849999999998
1M|dec|sliced|u8	4.3342799999999997
1M|dec|sliced|i8	4.3597299999999999
1M|dec|sliced|i16	4.4130699999999994
1M|dec|sliced|u16	4.41106
1M|dec|sliced|i32	4.5084200000000001
1M|dec|sliced|u32	4.3271500000000005
1M|dec|sliced|i64	4.6670099999999994
1M|dec|sliced|u64	5.2055500000000006
1M|dec|sliced|char	4.3688000000000002
1M|dec|sliced|f16	4.1071399999999993
1M|dec|sliced|f32	2.0763050000000001
1M|dec|sliced|f64	2.2100549999999997
1M|dec|sliced|dec	1.549415
1M|dec|sliced|c128	2.3429849999999997
1M|dec|negrow|bool	1.0699049999999999
1M|dec|negrow|u8	4.4666499999999996
1M|dec|negrow|i8	4.5235000000000003
1M|dec|negrow|i16	4.6350549999999995
1M|dec|negrow|u16	4.5777549999999998
1M|dec|negrow|i32	4.5965499999999997
1M|dec|negrow|u32	4.5081049999999996
1M|dec|negrow|i64	4.8570900000000004
1M|dec|negrow|u64	5.3734950000000001
1M|dec|negrow|char	4.5394500000000004
1M|dec|negrow|f16	4.2264200000000001
1M|dec|negrow|f32	2.1594950000000002
1M|dec|negrow|f64	2.2894600000000001
1M|dec|negrow|dec	1.4525399999999999
1M|dec|negrow|c128	2.4821400000000002
1M|dec|negcol|bool	1.1410899999999999
1M|dec|negcol|u8	4.5116500000000004
1M|dec|negcol|i8	4.516235
1M|dec|negcol|i16	4.5615900000000007
1M|dec|negcol|u16	4.5761249999999993
1M|dec|negcol|i32	4.6855200000000004
1M|dec|negcol|u32	4.4751649999999996
1M|dec|negcol|i64	4.9053550000000001
1M|dec|negcol|u64	5.4763450000000002
1M|dec|negcol|char	4.6915649999999998
1M|dec|negcol|f16	4.3659049999999997
1M|dec|negcol|f32	2.3405899999999997
1M|dec|negcol|f64	2.5606800000000001
1M|dec|negcol|dec	1.7260200000000001
1M|dec|negcol|c128	2.659465
1M|dec|strided|bool	0.57554499999999997
1M|dec|strided|u8	2.287995
1M|dec|strided|i8	2.2711250000000001
1M|dec|strided|i16	2.4002300000000001
1M|dec|strided|u16	2.3242799999999999
1M|dec|strided|i32	2.4619249999999999
1M|dec|strided|u32	2.4154050000000002
1M|dec|strided|i64	2.5941400000000003
1M|dec|strided|u64	2.7706050000000002
1M|dec|strided|char	2.3159800000000001
1M|dec|strided|f16	2.2191099999999997
1M|dec|strided|f32	1.2559499999999999
1M|dec|strided|f64	1.28318
1M|dec|strided|dec	1.0872899999999999
1M|dec|strided|c128	1.5257099999999999
1M|dec|bcast|bool	0.98618000000000006
1M|dec|bcast|u8	4.3054199999999998
1M|dec|bcast|i8	4.30403
1M|dec|bcast|i16	4.4133000000000004
1M|dec|bcast|u16	4.4133650000000006
1M|dec|bcast|i32	4.4662249999999997
1M|dec|bcast|u32	4.2509050000000004
1M|dec|bcast|i64	4.5459800000000001
1M|dec|bcast|u64	5.1022300000000005
1M|dec|bcast|char	4.3594650000000001
1M|dec|bcast|f16	3.9511000000000003
1M|dec|bcast|f32	1.85215
1M|dec|bcast|f64	1.9252449999999999
1M|dec|bcast|dec	1.1130249999999999
1M|dec|bcast|c128	2.0773999999999999
1M|c128|C|bool	0.75757000000000008
1M|c128|C|u8	1.25874
1M|c128|C|i8	1.303615
1M|c128|C|i16	1.4572699999999998
1M|c128|C|u16	1.4935700000000001
1M|c128|C|i32	1.4760599999999999
1M|c128|C|u32	1.4897750000000001
1M|c128|C|i64	1.70804
1M|c128|C|u64	1.8437049999999999
1M|c128|C|char	1.428185
1M|c128|C|f16	2.8351500000000001
1M|c128|C|f32	0.67937500000000006
1M|c128|C|f64	1.135135
1M|c128|C|dec	6.3707000000000003
1M|c128|C|c128	0.92213499999999993
1M|c128|F|bool	0.76934500000000006
1M|c128|F|u8	1.2487650000000001
1M|c128|F|i8	1.3087949999999999
1M|c128|F|i16	1.4526949999999998
1M|c128|F|u16	1.41042
1M|c128|F|i32	1.54281
1M|c128|F|u32	1.432965
1M|c128|F|i64	1.620485
1M|c128|F|u64	1.8360749999999999
1M|c128|F|char	1.4390800000000001
1M|c128|F|f16	2.8279800000000002
1M|c128|F|f32	0.80248000000000008
1M|c128|F|f64	1.1041099999999999
1M|c128|F|dec	6.3356450000000004
1M|c128|F|c128	0.80652000000000013
1M|c128|T|bool	0.67502000000000006
1M|c128|T|u8	1.2923500000000001
1M|c128|T|i8	1.2494400000000001
1M|c128|T|i16	1.4210400000000001
1M|c128|T|u16	1.44414
1M|c128|T|i32	1.4012549999999999
1M|c128|T|u32	1.4111199999999999
1M|c128|T|i64	1.65073
1M|c128|T|u64	1.8981950000000001
1M|c128|T|char	1.4429000000000001
1M|c128|T|f16	2.7662050000000002
1M|c128|T|f32	0.70778999999999992
1M|c128|T|f64	1.0678399999999999
1M|c128|T|dec	6.3137400000000001
1M|c128|T|c128	0.79782500000000001
1M|c128|sliced|bool	0.69252500000000006
1M|c128|sliced|u8	1.3374999999999999
1M|c128|sliced|i8	1.341205
1M|c128|sliced|i16	1.5891600000000001
1M|c128|sliced|u16	1.4413899999999999
1M|c128|sliced|i32	1.4431850000000002
1M|c128|sliced|u32	1.534915
1M|c128|sliced|i64	1.783115
1M|c128|sliced|u64	1.9072749999999998
1M|c128|sliced|char	1.5388649999999999
1M|c128|sliced|f16	2.83019
1M|c128|sliced|f32	0.83569499999999997
1M|c128|sliced|f64	1.20373
1M|c128|sliced|dec	6.3155700000000001
1M|c128|sliced|c128	1.64727
1M|c128|negrow|bool	1.02999
1M|c128|negrow|u8	1.510445
1M|c128|negrow|i8	1.466215
1M|c128|negrow|i16	1.7290099999999999
1M|c128|negrow|u16	1.499925
1M|c128|negrow|i32	1.5438700000000001
1M|c128|negrow|u32	1.5984400000000001
1M|c128|negrow|i64	1.9554649999999998
1M|c128|negrow|u64	2.0973949999999997
1M|c128|negrow|char	1.5509499999999998
1M|c128|negrow|f16	2.8693499999999998
1M|c128|negrow|f32	0.74301000000000006
1M|c128|negrow|f64	1.138455
1M|c128|negrow|dec	6.4579449999999996
1M|c128|negrow|c128	1.4595050000000001
1M|c128|negcol|bool	0.72462499999999996
1M|c128|negcol|u8	1.3242749999999999
1M|c128|negcol|i8	1.297785
1M|c128|negcol|i16	1.4559950000000002
1M|c128|negcol|u16	1.6476849999999998
1M|c128|negcol|i32	1.6173549999999999
1M|c128|negcol|u32	1.545425
1M|c128|negcol|i64	1.8258500000000002
1M|c128|negcol|u64	2.465805
1M|c128|negcol|char	1.6943699999999999
1M|c128|negcol|f16	3.016105
1M|c128|negcol|f32	0.75101000000000007
1M|c128|negcol|f64	1.2170999999999998
1M|c128|negcol|dec	6.5099100000000005
1M|c128|negcol|c128	1.7303650000000002
1M|c128|strided|bool	0.42178500000000002
1M|c128|strided|u8	0.89466000000000001
1M|c128|strided|i8	0.78801500000000002
1M|c128|strided|i16	0.72092999999999996
1M|c128|strided|u16	0.70491499999999996
1M|c128|strided|i32	0.8899649999999999
1M|c128|strided|u32	0.84645499999999996
1M|c128|strided|i64	0.89666499999999993
1M|c128|strided|u64	0.98779000000000006
1M|c128|strided|char	0.695635
1M|c128|strided|f16	1.4927049999999999
1M|c128|strided|f32	0.54576999999999998
1M|c128|strided|f64	0.53740500000000002
1M|c128|strided|dec	3.5956800000000002
1M|c128|strided|c128	1.2452650000000001
1M|c128|bcast|bool	0.59253500000000003
1M|c128|bcast|u8	1.229635
1M|c128|bcast|i8	1.2371650000000001
1M|c128|bcast|i16	1.3000750000000001
1M|c128|bcast|u16	1.325385
1M|c128|bcast|i32	1.319485
1M|c128|bcast|u32	1.3536600000000001
1M|c128|bcast|i64	1.51806
1M|c128|bcast|u64	1.7303299999999999
1M|c128|bcast|char	1.3407249999999999
1M|c128|bcast|f16	2.4732050000000001
1M|c128|bcast|f32	0.49734499999999998
1M|c128|bcast|f64	0.59263500000000002
1M|c128|bcast|dec	6.06358
1M|c128|bcast|c128	1.0627499999999999
