key	ns_ms	np_ms
1M|bool|C|bool	0.088015	0.2228
1M|bool|C|u8	0.13133	0.32087
1M|bool|C|i8	0.11095999999999999	0.324275
1M|bool|C|i16	0.44942000000000004	0.421285
1M|bool|C|u16	0.46140499999999995	0.421985
1M|bool|C|i32	0.44321	0.66037
1M|bool|C|u32	0.44993999999999995	0.64925
1M|bool|C|i64	0.508305	1.25852
1M|bool|C|u64	0.536945	1.17023
1M|bool|C|char	0.45250500000000005	0.428755
1M|bool|C|f16	0.51605	1.67511
1M|bool|C|f32	0.405635	0.692125
1M|bool|C|f64	0.5490649999999999	1.25453
1M|bool|C|dec	0.910075	NA
1M|bool|C|c128	0.8587049999999999	2.40142
1M|bool|F|bool	0.081805	0.01468
1M|bool|F|u8	0.07286000000000001	0.18457
1M|bool|F|i8	0.070315	0.19595
1M|bool|F|i16	0.47298	0.42747
1M|bool|F|u16	0.46668000000000004	0.440765
1M|bool|F|i32	0.45576999999999995	0.664135
1M|bool|F|u32	0.463365	0.665195
1M|bool|F|i64	0.554335	1.23502
1M|bool|F|u64	0.513785	1.20203
1M|bool|F|char	0.47783	0.423905
1M|bool|F|f16	0.395175	1.68675
1M|bool|F|f32	0.40586	0.68789
1M|bool|F|f64	0.504835	1.24293
1M|bool|F|dec	0.859275	NA
1M|bool|F|c128	0.8892049999999999	2.39851
1M|bool|T|bool	0.07632	0.2257
1M|bool|T|u8	0.079985	0.32196
1M|bool|T|i8	0.079025	0.321765
1M|bool|T|i16	0.46548	0.42636
1M|bool|T|u16	0.47243500000000005	0.43214
1M|bool|T|i32	0.45965999999999996	0.643165
1M|bool|T|u32	0.44948	0.65011
1M|bool|T|i64	0.54274	1.22741
1M|bool|T|u64	0.53688	1.25467
1M|bool|T|char	0.4753	0.434675
1M|bool|T|f16	0.40575	1.71787
1M|bool|T|f32	0.40646000000000004	0.70481
1M|bool|T|f64	0.587695	1.30013
1M|bool|T|dec	1.18469	NA
1M|bool|T|c128	0.88582	2.58709
1M|bool|sliced|bool	0.071455	0.199175
1M|bool|sliced|u8	0.08934	0.33335
1M|bool|sliced|i8	0.063605	0.348985
1M|bool|sliced|i16	0.47891500000000004	0.445605
1M|bool|sliced|u16	0.47326499999999994	0.4425
1M|bool|sliced|i32	0.45069499999999996	0.68324
1M|bool|sliced|u32	0.443975	0.69588
1M|bool|sliced|i64	0.507995	1.29879
1M|bool|sliced|u64	0.5545	1.31087
1M|bool|sliced|char	0.459145	0.45161
1M|bool|sliced|f16	0.41271	1.74917
1M|bool|sliced|f32	0.40518	0.74247
1M|bool|sliced|f64	0.47648	1.33408
1M|bool|sliced|dec	1.10012	NA
1M|bool|sliced|c128	0.9470050000000001	2.45337
1M|bool|negrow|bool	0.06452	0.20547
1M|bool|negrow|u8	0.06946	0.334915
1M|bool|negrow|i8	0.063915	0.34954
1M|bool|negrow|i16	0.48556999999999995	0.445195
1M|bool|negrow|u16	0.48684000000000005	0.44405
1M|bool|negrow|i32	0.44021499999999997	0.665415
1M|bool|negrow|u32	0.46851000000000004	0.718145
1M|bool|negrow|i64	0.5225	1.24871
1M|bool|negrow|u64	0.5234650000000001	1.22479
1M|bool|negrow|char	0.476875	0.442675
1M|bool|negrow|f16	0.42279	1.71725
1M|bool|negrow|f32	0.398155	0.720425
1M|bool|negrow|f64	0.49013	1.2467
1M|bool|negrow|dec	0.9250999999999999	NA
1M|bool|negrow|c128	0.820375	2.46279
1M|bool|negcol|bool	0.08086	0.32717
1M|bool|negcol|u8	0.062495	0.4375
1M|bool|negcol|i8	0.062305	0.441045
1M|bool|negcol|i16	0.47895000000000004	0.48467
1M|bool|negcol|u16	0.48166000000000003	0.491605
1M|bool|negcol|i32	0.47154999999999997	0.701445
1M|bool|negcol|u32	0.46296	0.711925
1M|bool|negcol|i64	0.545735	1.26136
1M|bool|negcol|u64	0.52508	1.32029
1M|bool|negcol|char	0.46989000000000003	0.51155
1M|bool|negcol|f16	0.61631	1.7295
1M|bool|negcol|f32	0.40539500000000006	0.75911
1M|bool|negcol|f64	0.52918	1.32074
1M|bool|negcol|dec	1.0231999999999999	NA
1M|bool|negcol|c128	0.843655	2.50341
1M|bool|strided|bool	0.047695	0.09375
1M|bool|strided|u8	0.04743	0.15
1M|bool|strided|i8	0.04716	0.15264
1M|bool|strided|i16	0.20869	0.28351
1M|bool|strided|u16	0.21117499999999997	0.28734
1M|bool|strided|i32	0.29862	0.34898
1M|bool|strided|u32	0.29873	0.35614
1M|bool|strided|i64	0.361135	0.61463
1M|bool|strided|u64	0.33668	0.626745
1M|bool|strided|char	0.21162	0.28751
1M|bool|strided|f16	0.286665	0.798475
1M|bool|strided|f32	0.25865499999999997	0.38915
1M|bool|strided|f64	0.32206	0.617815
1M|bool|strided|dec	0.536925	NA
1M|bool|strided|c128	0.49146999999999996	1.24077
1M|bool|bcast|bool	0.07526000000000001	0.08154
1M|bool|bcast|u8	0.06998499999999999	0.34637
1M|bool|bcast|i8	0.07000999999999999	0.342705
1M|bool|bcast|i16	0.46125999999999995	0.478745
1M|bool|bcast|u16	0.459545	0.502715
1M|bool|bcast|i32	0.455585	0.729765
1M|bool|bcast|u32	0.45698	0.69595
1M|bool|bcast|i64	0.50485	1.30416
1M|bool|bcast|u64	0.542295	1.25566
1M|bool|bcast|char	0.4766	0.504465
1M|bool|bcast|f16	0.42708	1.71263
1M|bool|bcast|f32	0.40079000000000004	0.74759
1M|bool|bcast|f64	0.52532	1.33859
1M|bool|bcast|dec	0.95882	NA
1M|bool|bcast|c128	0.8178699999999999	2.48257
1M|u8|C|bool	0.067955	0.226725
1M|u8|C|u8	0.07982500000000001	0.07707
1M|u8|C|i8	0.06458	0.22881
1M|u8|C|i16	0.22005499999999997	0.38422
1M|u8|C|u16	0.22457500000000002	0.400075
1M|u8|C|i32	0.293005	0.67485
1M|u8|C|u32	0.303195	0.623065
1M|u8|C|i64	0.49333	1.19811
1M|u8|C|u64	0.463635	1.20634
1M|u8|C|char	0.31254499999999996	0.39018
1M|u8|C|f16	0.41547999999999996	1.59522
1M|u8|C|f32	0.455885	0.724755
1M|u8|C|f64	0.5225	1.25176
1M|u8|C|dec	0.895535	NA
1M|u8|C|c128	0.78288	2.50538
1M|u8|F|bool	0.0685	0.22405
1M|u8|F|u8	0.060414999999999996	0.12261
1M|u8|F|i8	0.062415	0.234015
1M|u8|F|i16	0.21222500000000002	0.38976
1M|u8|F|u16	0.20581	0.39557
1M|u8|F|i32	0.328445	0.657145
1M|u8|F|u32	0.33302	0.62924
1M|u8|F|i64	0.52195	1.17132
1M|u8|F|u64	0.53403	1.26522
1M|u8|F|char	0.324275	0.378685
1M|u8|F|f16	0.419385	1.59317
1M|u8|F|f32	0.46934	0.661045
1M|u8|F|f64	0.541685	1.2307
1M|u8|F|dec	0.8901600000000001	NA
1M|u8|F|c128	0.885055	2.35375
1M|u8|T|bool	0.07006	0.225925
1M|u8|T|u8	0.05947	0.07294
1M|u8|T|i8	0.06726499999999999	0.22604
1M|u8|T|i16	0.227215	0.38069
1M|u8|T|u16	0.242585	0.391365
1M|u8|T|i32	0.31009000000000003	0.64528
1M|u8|T|u32	0.33407	0.64297
1M|u8|T|i64	0.481755	1.22166
1M|u8|T|u64	0.52006	1.1843
1M|u8|T|char	0.31881	0.38144
1M|u8|T|f16	0.40173	1.61505
1M|u8|T|f32	0.46240500000000007	0.64615
1M|u8|T|f64	0.486255	1.24577
1M|u8|T|dec	0.9444549999999999	NA
1M|u8|T|c128	0.823955	2.47858
1M|u8|sliced|bool	0.064515	0.232465
1M|u8|sliced|u8	0.0625	0.07849
1M|u8|sliced|i8	0.062505	0.23508
1M|u8|sliced|i16	0.22058	0.39812
1M|u8|sliced|u16	0.23933	0.415715
1M|u8|sliced|i32	0.31759499999999996	0.63214
1M|u8|sliced|u32	0.288365	0.640695
1M|u8|sliced|i64	0.52458	1.2204
1M|u8|sliced|u64	0.536265	1.22107
1M|u8|sliced|char	0.32903	0.39209
1M|u8|sliced|f16	0.41748	1.59785
1M|u8|sliced|f32	0.45374499999999995	0.67149
1M|u8|sliced|f64	0.49727499999999997	1.25625
1M|u8|sliced|dec	0.81165	NA
1M|u8|sliced|c128	0.8318350000000001	2.44664
1M|u8|negrow|bool	0.0906	0.23613
1M|u8|negrow|u8	0.0755	0.072575
1M|u8|negrow|i8	0.066725	0.23472
1M|u8|negrow|i16	0.24816500000000002	0.40652
1M|u8|negrow|u16	0.211745	0.402405
1M|u8|negrow|i32	0.31551999999999997	0.650635
1M|u8|negrow|u32	0.318415	0.660245
1M|u8|negrow|i64	0.516965	1.22336
1M|u8|negrow|u64	0.51285	1.15779
1M|u8|negrow|char	0.33003499999999997	0.40854
1M|u8|negrow|f16	0.44836	1.6439
1M|u8|negrow|f32	0.47441500000000003	0.66778
1M|u8|negrow|f64	0.48037	1.2285
1M|u8|negrow|dec	1.09767	NA
1M|u8|negrow|c128	0.9188599999999999	2.52303
1M|u8|negcol|bool	0.25786	0.34969
1M|u8|negcol|u8	0.071605	0.235095
1M|u8|negcol|i8	0.07211999999999999	0.25334
1M|u8|negcol|i16	0.342095	0.423605
1M|u8|negcol|u16	0.325315	0.421885
1M|u8|negcol|i32	0.38733	0.65574
1M|u8|negcol|u32	0.37323	0.65682
1M|u8|negcol|i64	0.716295	1.22425
1M|u8|negcol|u64	0.48704000000000003	1.22072
1M|u8|negcol|char	0.320825	0.422435
1M|u8|negcol|f16	0.62666	1.644
1M|u8|negcol|f32	0.463715	0.70622
1M|u8|negcol|f64	0.555365	1.22859
1M|u8|negcol|dec	0.8424799999999999	NA
1M|u8|negcol|c128	0.8194549999999999	2.5084
1M|u8|strided|bool	0.150295	0.15053
1M|u8|strided|u8	0.053515	0.09291
1M|u8|strided|i8	0.054400000000000004	0.102365
1M|u8|strided|i16	0.12706	0.140705
1M|u8|strided|u16	0.134775	0.143045
1M|u8|strided|i32	0.249975	0.323585
1M|u8|strided|u32	0.25981	0.349195
1M|u8|strided|i64	0.29357	0.62106
1M|u8|strided|u64	0.300335	0.62208
1M|u8|strided|char	0.13021	0.142555
1M|u8|strided|f16	0.29478	0.738745
1M|u8|strided|f32	0.302195	0.342535
1M|u8|strided|f64	0.33913000000000004	0.614845
1M|u8|strided|dec	0.497725	NA
1M|u8|strided|c128	0.52971	1.23857
1M|u8|bcast|bool	0.06624	0.342975
1M|u8|bcast|u8	0.07046	0.070565
1M|u8|bcast|i8	0.072645	0.236175
1M|u8|bcast|i16	0.214015	0.412555
1M|u8|bcast|u16	0.21085500000000001	0.409085
1M|u8|bcast|i32	0.331415	0.656765
1M|u8|bcast|u32	0.3297	0.70044
1M|u8|bcast|i64	0.527095	1.22618
1M|u8|bcast|u64	0.5485949999999999	1.26082
1M|u8|bcast|char	0.316915	0.423845
1M|u8|bcast|f16	0.42821	1.60628
1M|u8|bcast|f32	0.30818500000000004	0.714855
1M|u8|bcast|f64	0.523825	1.26298
1M|u8|bcast|dec	0.9768950000000001	NA
1M|u8|bcast|c128	0.80921	2.55858
1M|i8|C|bool	0.06963	0.21329
1M|i8|C|u8	0.07422999999999999	0.210525
1M|i8|C|i8	0.06074500000000001	0.053055
1M|i8|C|i16	0.225495	0.429305
1M|i8|C|u16	0.22498	0.388955
1M|i8|C|i32	0.31185	0.65741
1M|i8|C|u32	0.319	0.669005
1M|i8|C|i64	0.509875	1.26299
1M|i8|C|u64	0.54836	1.24158
1M|i8|C|char	0.31924	0.390755
1M|i8|C|f16	0.42085	1.58938
1M|i8|C|f32	0.37341	0.658955
1M|i8|C|f64	0.49688	1.32368
1M|i8|C|dec	0.97387	NA
1M|i8|C|c128	0.901005	2.50103
1M|i8|F|bool	0.06102	0.21229
1M|i8|F|u8	0.061435	0.21185
1M|i8|F|i8	0.07419	0.05621
1M|i8|F|i16	0.22990499999999997	0.432865
1M|i8|F|u16	0.21549000000000001	0.398305
1M|i8|F|i32	0.31937000000000004	0.659205
1M|i8|F|u32	0.33533	0.67721
1M|i8|F|i64	0.533735	1.241
1M|i8|F|u64	0.48962000000000006	1.24042
1M|i8|F|char	0.31206999999999996	0.390845
1M|i8|F|f16	0.43504	1.6004
1M|i8|F|f32	0.382225	0.688525
1M|i8|F|f64	0.542345	1.31363
1M|i8|F|dec	0.9884000000000001	NA
1M|i8|F|c128	0.8194699999999999	2.50938
1M|i8|T|bool	0.074895	0.21548
1M|i8|T|u8	0.071005	0.214635
1M|i8|T|i8	0.075105	0.054445
1M|i8|T|i16	0.22122999999999998	0.42477
1M|i8|T|u16	0.22007500000000002	0.39333
1M|i8|T|i32	0.311715	0.65735
1M|i8|T|u32	0.351125	0.68123
1M|i8|T|i64	0.45155	1.18761
1M|i8|T|u64	0.526	1.18249
1M|i8|T|char	0.327275	0.3952
1M|i8|T|f16	0.40883	1.58001
1M|i8|T|f32	0.36073	0.671125
1M|i8|T|f64	0.51901	1.25027
1M|i8|T|dec	0.9760249999999999	NA
1M|i8|T|c128	0.853385	2.45154
1M|i8|sliced|bool	0.103075	0.219455
1M|i8|sliced|u8	0.053115	0.22055
1M|i8|sliced|i8	0.06687	0.057695
1M|i8|sliced|i16	0.20780500000000002	0.440155
1M|i8|sliced|u16	0.26777	0.407975
1M|i8|sliced|i32	0.30471499999999996	0.651605
1M|i8|sliced|u32	0.318505	0.674655
1M|i8|sliced|i64	0.5505	1.24451
1M|i8|sliced|u64	0.471525	1.20424
1M|i8|sliced|char	0.33834	0.3931
1M|i8|sliced|f16	0.44980000000000003	1.62001
1M|i8|sliced|f32	0.397295	0.656805
1M|i8|sliced|f64	0.530185	1.2901
1M|i8|sliced|dec	0.9275550000000001	NA
1M|i8|sliced|c128	0.87353	2.46699
1M|i8|negrow|bool	0.08821	0.224275
1M|i8|negrow|u8	0.058399999999999994	0.216545
1M|i8|negrow|i8	0.09076	0.05659
1M|i8|negrow|i16	0.241615	0.445795
1M|i8|negrow|u16	0.22720500000000002	0.40073
1M|i8|negrow|i32	0.335765	0.653855
1M|i8|negrow|u32	0.30779	0.65875
1M|i8|negrow|i64	0.50697	1.22078
1M|i8|negrow|u64	0.5495650000000001	1.23402
1M|i8|negrow|char	0.347175	0.406465
1M|i8|negrow|f16	0.42767	1.66574
1M|i8|negrow|f32	0.40485	0.660885
1M|i8|negrow|f64	0.49996	1.28432
1M|i8|negrow|dec	0.879045	NA
1M|i8|negrow|c128	0.86312	2.4848
1M|i8|negcol|bool	0.255	0.33862
1M|i8|negcol|u8	0.06678500000000001	0.242525
1M|i8|negcol|i8	0.085695	0.221015
1M|i8|negcol|i16	0.34457499999999996	0.420935
1M|i8|negcol|u16	0.341675	0.45149
1M|i8|negcol|i32	0.36551	0.684075
1M|i8|negcol|u32	0.391215	0.68692
1M|i8|negcol|i64	0.48900499999999997	1.19501
1M|i8|negcol|u64	0.48641500000000004	1.26563
1M|i8|negcol|char	0.33109500000000003	0.420355
1M|i8|negcol|f16	0.644975	1.62503
1M|i8|negcol|f32	0.42665	0.69959
1M|i8|negcol|f64	0.51775	1.23568
1M|i8|negcol|dec	0.9813599999999999	NA
1M|i8|negcol|c128	0.892055	2.48266
1M|i8|strided|bool	0.149515	0.156055
1M|i8|strided|u8	0.031615	0.106935
1M|i8|strided|i8	0.052285000000000005	0.09204
1M|i8|strided|i16	0.144265	0.130445
1M|i8|strided|u16	0.13183	0.130015
1M|i8|strided|i32	0.249255	0.32648
1M|i8|strided|u32	0.24955	0.34571
1M|i8|strided|i64	0.323275	0.607575
1M|i8|strided|u64	0.30202	0.631635
1M|i8|strided|char	0.13272	0.129765
1M|i8|strided|f16	0.294715	0.72123
1M|i8|strided|f32	0.263835	0.34484
1M|i8|strided|f64	0.32126	0.613975
1M|i8|strided|dec	0.503055	NA
1M|i8|strided|c128	0.5106550000000001	1.20546
1M|i8|bcast|bool	0.07359	0.33353
1M|i8|bcast|u8	0.05473	0.23885
1M|i8|bcast|i8	0.059555000000000004	0.05018
1M|i8|bcast|i16	0.23636	0.417555
1M|i8|bcast|u16	0.23851499999999998	0.41844
1M|i8|bcast|i32	0.318095	0.669815
1M|i8|bcast|u32	0.31932	0.713435
1M|i8|bcast|i64	0.542095	1.22206
1M|i8|bcast|u64	0.5406299999999999	1.17928
1M|i8|bcast|char	0.32073	0.41126
1M|i8|bcast|f16	0.44172500000000003	1.61804
1M|i8|bcast|f32	0.32122	0.68392
1M|i8|bcast|f64	0.5454399999999999	1.19888
1M|i8|bcast|dec	0.8958	NA
1M|i8|bcast|c128	0.8545849999999999	2.37868
1M|i16|C|bool	0.096455	0.21237
1M|i16|C|u8	0.076335	0.20739
1M|i16|C|i8	0.08102000000000001	0.22457
1M|i16|C|i16	0.180025	0.26826
1M|i16|C|u16	0.19773000000000002	0.382305
1M|i16|C|i32	0.30905	0.628415
1M|i16|C|u32	0.34116	0.625175
1M|i16|C|i64	0.50951	1.22359
1M|i16|C|u64	0.49223	1.25696
1M|i16|C|char	0.24932500000000002	0.395275
1M|i16|C|f16	0.44792	1.57983
1M|i16|C|f32	0.309755	0.669495
1M|i16|C|f64	0.50758	1.23426
1M|i16|C|dec	0.849105	NA
1M|i16|C|c128	0.84457	2.36849
1M|i16|F|bool	0.09385	0.19713
1M|i16|F|u8	0.092865	0.195605
1M|i16|F|i8	0.07822	0.20831
1M|i16|F|i16	0.19897	0.259985
1M|i16|F|u16	0.19220500000000001	0.38924
1M|i16|F|i32	0.33842500000000003	0.652795
1M|i16|F|u32	0.3225	0.631265
1M|i16|F|i64	0.5271	1.26206
1M|i16|F|u64	0.5404	1.21396
1M|i16|F|char	0.19011	0.391945
1M|i16|F|f16	0.42064	1.59164
1M|i16|F|f32	0.31322	0.651015
1M|i16|F|f64	0.49581	1.24165
1M|i16|F|dec	0.86462	NA
1M|i16|F|c128	0.937015	2.45777
1M|i16|T|bool	0.090635	0.200405
1M|i16|T|u8	0.089585	0.19689
1M|i16|T|i8	0.08022	0.224755
1M|i16|T|i16	0.19134	0.25213
1M|i16|T|u16	0.160765	0.40533
1M|i16|T|i32	0.33064499999999997	0.62996
1M|i16|T|u32	0.356095	0.634665
1M|i16|T|i64	0.54549	1.21032
1M|i16|T|u64	0.51275	1.22206
1M|i16|T|char	0.19511499999999998	0.39014
1M|i16|T|f16	0.408655	1.57913
1M|i16|T|f32	0.31905	0.63494
1M|i16|T|f64	0.5394650000000001	1.25545
1M|i16|T|dec	0.95496	NA
1M|i16|T|c128	0.9615600000000001	2.44371
1M|i16|sliced|bool	0.08801	0.207575
1M|i16|sliced|u8	0.10307	0.20175
1M|i16|sliced|i8	0.09392500000000001	0.20704
1M|i16|sliced|i16	0.24912	0.33521
1M|i16|sliced|u16	0.23441	0.38928
1M|i16|sliced|i32	0.34457	0.62587
1M|i16|sliced|u32	0.32905	0.63871
1M|i16|sliced|i64	0.50153	1.22795
1M|i16|sliced|u64	0.5476	1.23026
1M|i16|sliced|char	0.22440000000000002	0.39344
1M|i16|sliced|f16	0.43877	1.64066
1M|i16|sliced|f32	0.32647499999999996	0.66698
1M|i16|sliced|f64	0.47885	1.22436
1M|i16|sliced|dec	0.9085750000000001	NA
1M|i16|sliced|c128	0.8318049999999999	2.49318
1M|i16|negrow|bool	0.069925	0.22201
1M|i16|negrow|u8	0.08005	0.210885
1M|i16|negrow|i8	0.06927	0.21124
1M|i16|negrow|i16	0.241255	0.346955
1M|i16|negrow|u16	0.24732500000000002	0.40546
1M|i16|negrow|i32	0.33459	0.66007
1M|i16|negrow|u32	0.32359	0.65782
1M|i16|negrow|i64	0.5462049999999999	1.29948
1M|i16|negrow|u64	0.54606	1.27897
1M|i16|negrow|char	0.24695499999999998	0.418335
1M|i16|negrow|f16	0.45758	1.68267
1M|i16|negrow|f32	0.326135	0.684445
1M|i16|negrow|f64	0.53767	1.2726
1M|i16|negrow|dec	0.8781800000000001	NA
1M|i16|negrow|c128	0.85992	2.51841
1M|i16|negcol|bool	0.450365	0.32497
1M|i16|negcol|u8	0.265855	0.222485
1M|i16|negcol|i8	0.264455	0.236195
1M|i16|negcol|i16	0.23900000000000002	0.41652
1M|i16|negcol|u16	0.24878999999999998	0.42771
1M|i16|negcol|i32	0.38551	0.653965
1M|i16|negcol|u32	0.38133	0.662
1M|i16|negcol|i64	0.49071999999999993	1.2831
1M|i16|negcol|u64	0.52028	1.31808
1M|i16|negcol|char	0.30778	0.44509
1M|i16|negcol|f16	0.7990700000000001	1.63756
1M|i16|negcol|f32	0.41689	0.755485
1M|i16|negcol|f64	0.5004850000000001	1.29083
1M|i16|negcol|dec	0.86653	NA
1M|i16|negcol|c128	0.8781599999999999	2.5428
1M|i16|strided|bool	0.23976000000000003	0.15513
1M|i16|strided|u8	0.134765	0.10294
1M|i16|strided|i8	0.137345	0.10401
1M|i16|strided|i16	0.0626	0.110105
1M|i16|strided|u16	0.084255	0.12911
1M|i16|strided|i32	0.251505	0.32684
1M|i16|strided|u32	0.25417999999999996	0.347885
1M|i16|strided|i64	0.31548	0.61381
1M|i16|strided|u64	0.31829	0.65285
1M|i16|strided|char	0.08985	0.13174
1M|i16|strided|f16	0.37606	0.7438
1M|i16|strided|f32	0.2752	0.35614
1M|i16|strided|f64	0.345255	0.617285
1M|i16|strided|dec	0.518325	NA
1M|i16|strided|c128	0.5130899999999999	1.21453
1M|i16|bcast|bool	0.074545	0.32093
1M|i16|bcast|u8	0.063185	0.215985
1M|i16|bcast|i8	0.0762	0.227705
1M|i16|bcast|i16	0.241505	0.38633
1M|i16|bcast|u16	0.22789500000000001	0.426585
1M|i16|bcast|i32	0.34214500000000003	0.65821
1M|i16|bcast|u32	0.31253000000000003	0.653515
1M|i16|bcast|i64	0.52119	1.18673
1M|i16|bcast|u64	0.538165	1.22686
1M|i16|bcast|char	0.22405	0.417305
1M|i16|bcast|f16	0.44145500000000004	1.68335
1M|i16|bcast|f32	0.33308499999999996	0.71949
1M|i16|bcast|f64	0.50066	1.25963
1M|i16|bcast|dec	0.921885	NA
1M|i16|bcast|c128	0.961765	2.46552
1M|u16|C|bool	0.08915999999999999	0.19791
1M|u16|C|u8	0.08152000000000001	0.203865
1M|u16|C|i8	0.08753	0.203125
1M|u16|C|i16	0.19541999999999998	0.390025
1M|u16|C|u16	0.17814000000000002	0.25694
1M|u16|C|i32	0.33526	0.63396
1M|u16|C|u32	0.31932	0.648965
1M|u16|C|i64	0.5498000000000001	1.22006
1M|u16|C|u64	0.52546	1.2691
1M|u16|C|char	0.24456000000000003	0.26475
1M|u16|C|f16	0.45921500000000004	1.60985
1M|u16|C|f32	0.33439	0.659055
1M|u16|C|f64	0.54264	1.27463
1M|u16|C|dec	0.93858	NA
1M|u16|C|c128	0.886055	2.49408
1M|u16|F|bool	0.094955	0.197425
1M|u16|F|u8	0.08541	0.20983
1M|u16|F|i8	0.091125	0.197775
1M|u16|F|i16	0.20181	0.385175
1M|u16|F|u16	0.19280999999999998	0.25319
1M|u16|F|i32	0.353415	0.65253
1M|u16|F|u32	0.364375	0.662045
1M|u16|F|i64	0.557545	1.27196
1M|u16|F|u64	0.5610999999999999	1.26027
1M|u16|F|char	0.197	0.26156
1M|u16|F|f16	0.446145	1.64113
1M|u16|F|f32	0.38151999999999997	0.68307
1M|u16|F|f64	0.61902	1.25765
1M|u16|F|dec	1.09426	NA
1M|u16|F|c128	1.1186	2.52504
1M|u16|T|bool	0.108805	0.197015
1M|u16|T|u8	0.08435000000000001	0.20182
1M|u16|T|i8	0.06608	0.20545
1M|u16|T|i16	0.192605	0.38535
1M|u16|T|u16	0.19285000000000002	0.26328
1M|u16|T|i32	0.320525	0.660675
1M|u16|T|u32	0.32946	0.690305
1M|u16|T|i64	0.503845	1.22542
1M|u16|T|u64	0.602895	1.28026
1M|u16|T|char	0.20389	0.272795
1M|u16|T|f16	0.44704	1.66523
1M|u16|T|f32	0.33438	0.667825
1M|u16|T|f64	0.520215	1.30764
1M|u16|T|dec	1.09321	NA
1M|u16|T|c128	1.0156399999999999	2.49609
1M|u16|sliced|bool	0.0723	0.205225
1M|u16|sliced|u8	0.081985	0.22343
1M|u16|sliced|i8	0.07567	0.20745
1M|u16|sliced|i16	0.24950999999999998	0.40152
1M|u16|sliced|u16	0.25389	0.361815
1M|u16|sliced|i32	0.34325	0.639095
1M|u16|sliced|u32	0.359335	0.642905
1M|u16|sliced|i64	0.513585	1.30024
1M|u16|sliced|u64	0.54018	1.28833
1M|u16|sliced|char	0.244385	0.358555
1M|u16|sliced|f16	0.44689500000000004	1.661
1M|u16|sliced|f32	0.33247499999999997	0.663845
1M|u16|sliced|f64	0.567155	1.22281
1M|u16|sliced|dec	1.04416	NA
1M|u16|sliced|c128	0.9776450000000001	2.51277
1M|u16|negrow|bool	0.095845	0.22394
1M|u16|negrow|u8	0.085285	0.21665
1M|u16|negrow|i8	0.08062	0.21625
1M|u16|negrow|i16	0.24747	0.405495
1M|u16|negrow|u16	0.254375	0.352715
1M|u16|negrow|i32	0.34508	0.644245
1M|u16|negrow|u32	0.329895	0.679805
1M|u16|negrow|i64	0.59859	1.26728
1M|u16|negrow|u64	0.481705	1.2582
1M|u16|negrow|char	0.25639	0.34998
1M|u16|negrow|f16	0.465305	1.68552
1M|u16|negrow|f32	0.345395	0.69577
1M|u16|negrow|f64	0.56036	1.2946
1M|u16|negrow|dec	1.07301	NA
1M|u16|negrow|c128	0.994885	2.48658
1M|u16|negcol|bool	0.435455	0.31976
1M|u16|negcol|u8	0.265965	0.23758
1M|u16|negcol|i8	0.26789999999999997	0.232135
1M|u16|negcol|i16	0.24704500000000001	0.43479
1M|u16|negcol|u16	0.24843500000000002	0.40393
1M|u16|negcol|i32	0.36836	0.684875
1M|u16|negcol|u32	0.379625	0.684265
1M|u16|negcol|i64	0.622025	1.32228
1M|u16|negcol|u64	0.55382	1.3364
1M|u16|negcol|char	0.241215	0.42055
1M|u16|negcol|f16	0.8121449999999999	1.66953
1M|u16|negcol|f32	0.49727	0.77386
1M|u16|negcol|f64	0.5565249999999999	1.33776
1M|u16|negcol|dec	0.9425250000000001	NA
1M|u16|negcol|c128	0.94898	2.52912
1M|u16|strided|bool	0.23423	0.14996
1M|u16|strided|u8	0.13911500000000002	0.098235
1M|u16|strided|i8	0.13696	0.10427
1M|u16|strided|i16	0.09736500000000001	0.117705
1M|u16|strided|u16	0.08602	0.10728
1M|u16|strided|i32	0.25732499999999997	0.33487
1M|u16|strided|u32	0.24947	0.35007
1M|u16|strided|i64	0.32487	0.692105
1M|u16|strided|u64	0.343915	0.644645
1M|u16|strided|char	0.0843	0.10588
1M|u16|strided|f16	0.39241000000000004	0.73781
1M|u16|strided|f32	0.307965	0.35467
1M|u16|strided|f64	0.34124	0.66245
1M|u16|strided|dec	0.520715	NA
1M|u16|strided|c128	0.5103850000000001	1.29134
1M|u16|bcast|bool	0.08809	0.32008
1M|u16|bcast|u8	0.054215	0.243725
1M|u16|bcast|i8	0.07411	0.22661
1M|u16|bcast|i16	0.245415	0.427105
1M|u16|bcast|u16	0.24600499999999997	0.39895
1M|u16|bcast|i32	0.335945	0.708375
1M|u16|bcast|u32	0.343985	0.71875
1M|u16|bcast|i64	0.536385	1.26477
1M|u16|bcast|u64	0.59402	1.28928
1M|u16|bcast|char	0.23281000000000002	0.4027
1M|u16|bcast|f16	0.44108	1.66955
1M|u16|bcast|f32	0.326145	0.70522
1M|u16|bcast|f64	0.54741	1.24614
1M|u16|bcast|dec	0.862035	NA
1M|u16|bcast|c128	0.8428599999999999	2.40547
1M|i32|C|bool	0.11883999999999999	0.19832
1M|i32|C|u8	0.18409999999999999	0.201315
1M|i32|C|i8	0.16999999999999998	0.19765
1M|i32|C|i16	0.27669	0.38853
1M|i32|C|u16	0.30009	0.41507
1M|i32|C|i32	0.329845	0.496335
1M|i32|C|u32	0.29303	0.646275
1M|i32|C|i64	0.553085	1.23281
1M|i32|C|u64	0.570855	1.27906
1M|i32|C|char	0.267525	0.412775
1M|i32|C|f16	0.43352	1.61908
1M|i32|C|f32	0.37293	0.637445
1M|i32|C|f64	0.549545	1.2538
1M|i32|C|dec	1.07006	NA
1M|i32|C|c128	1.04887	2.51544
1M|i32|F|bool	0.13768	0.19745
1M|i32|F|u8	0.184975	0.198115
1M|i32|F|i8	0.16477999999999998	0.19816
1M|i32|F|i16	0.26014	0.381305
1M|i32|F|u16	0.26141000000000003	0.397775
1M|i32|F|i32	0.284035	0.502095
1M|i32|F|u32	0.296315	0.651805
1M|i32|F|i64	0.7149300000000001	1.30856
1M|i32|F|u64	0.5356449999999999	1.2976
1M|i32|F|char	0.260015	0.40334
1M|i32|F|f16	0.44199	1.58349
1M|i32|F|f32	0.368005	0.68294
1M|i32|F|f64	0.5908	1.26971
1M|i32|F|dec	0.9713900000000001	NA
1M|i32|F|c128	1.035805	2.57056
1M|i32|T|bool	0.137985	0.19832
1M|i32|T|u8	0.183185	0.19915
1M|i32|T|i8	0.176955	0.20003
1M|i32|T|i16	0.24020999999999998	0.393785
1M|i32|T|u16	0.26632500000000003	0.399485
1M|i32|T|i32	0.31406	0.4958
1M|i32|T|u32	0.29806	0.67166
1M|i32|T|i64	0.52293	1.26926
1M|i32|T|u64	0.547855	1.23439
1M|i32|T|char	0.24904500000000002	0.392355
1M|i32|T|f16	0.423435	1.6105
1M|i32|T|f32	0.35516000000000003	0.65051
1M|i32|T|f64	0.558705	1.28623
1M|i32|T|dec	0.916135	NA
1M|i32|T|c128	0.939535	2.44625
1M|i32|sliced|bool	0.09805	0.206895
1M|i32|sliced|u8	0.09661	0.207265
1M|i32|sliced|i8	0.102675	0.207635
1M|i32|sliced|i16	0.25294500000000003	0.39355
1M|i32|sliced|u16	0.25431	0.42902
1M|i32|sliced|i32	0.359155	0.70008
1M|i32|sliced|u32	0.33382999999999996	0.638065
1M|i32|sliced|i64	0.55351	1.21191
1M|i32|sliced|u64	0.569815	1.22651
1M|i32|sliced|char	0.24758	0.410275
1M|i32|sliced|f16	0.42939499999999997	1.62635
1M|i32|sliced|f32	0.41130000000000005	0.66425
1M|i32|sliced|f64	0.520245	1.23832
1M|i32|sliced|dec	1.12989	NA
1M|i32|sliced|c128	1.121135	2.43059
1M|i32|negrow|bool	0.13764	0.22019
1M|i32|negrow|u8	0.10744000000000001	0.215345
1M|i32|negrow|i8	0.100545	0.21171
1M|i32|negrow|i16	0.28774500000000003	0.403765
1M|i32|negrow|u16	0.2948	0.398755
1M|i32|negrow|i32	0.354165	0.679755
1M|i32|negrow|u32	0.35779	0.67204
1M|i32|negrow|i64	0.714165	1.2764
1M|i32|negrow|u64	0.561735	1.29082
1M|i32|negrow|char	0.286675	0.415225
1M|i32|negrow|f16	0.4654	1.63671
1M|i32|negrow|f32	0.427615	0.659655
1M|i32|negrow|f64	0.5809949999999999	1.28097
1M|i32|negrow|dec	1.145345	NA
1M|i32|negrow|c128	1.2969300000000001	2.45668
1M|i32|negcol|bool	0.5256700000000001	0.329235
1M|i32|negcol|u8	0.15145	0.26472
1M|i32|negcol|i8	0.158135	0.222145
1M|i32|negcol|i16	0.28817499999999996	0.422365
1M|i32|negcol|u16	0.330355	0.430005
1M|i32|negcol|i32	0.43881	0.665255
1M|i32|negcol|u32	0.46204999999999996	0.678795
1M|i32|negcol|i64	0.70751	1.23732
1M|i32|negcol|u64	0.981025	1.23161
1M|i32|negcol|char	0.33116	0.42532
1M|i32|negcol|f16	0.938175	1.64195
1M|i32|negcol|f32	0.44315499999999997	0.67435
1M|i32|negcol|f64	0.80551	1.21688
1M|i32|negcol|dec	1.42448	NA
1M|i32|negcol|c128	1.76681	2.42098
1M|i32|strided|bool	0.111235	0.14977
1M|i32|strided|u8	0.12648500000000001	0.09828
1M|i32|strided|i8	0.11261499999999999	0.098845
1M|i32|strided|i16	0.110325	0.117215
1M|i32|strided|u16	0.10326500000000001	0.11601
1M|i32|strided|i32	0.29256000000000004	0.324505
1M|i32|strided|u32	0.409415	0.328495
1M|i32|strided|i64	0.47076	0.6254
1M|i32|strided|u64	0.37197	0.63847
1M|i32|strided|char	0.105315	0.11748
1M|i32|strided|f16	0.54586	0.71594
1M|i32|strided|f32	0.308855	0.34333
1M|i32|strided|f64	0.38549500000000003	0.631215
1M|i32|strided|dec	0.793455	NA
1M|i32|strided|c128	0.5072949999999999	1.24191
1M|i32|bcast|bool	0.092035	0.31935
1M|i32|bcast|u8	0.07863	0.24824
1M|i32|bcast|i8	0.060885	0.21653
1M|i32|bcast|i16	0.2734	0.406425
1M|i32|bcast|u16	0.29504	0.40749
1M|i32|bcast|i32	0.341605	0.753725
1M|i32|bcast|u32	0.337745	0.693955
1M|i32|bcast|i64	0.604575	1.21553
1M|i32|bcast|u64	0.59517	1.2406
1M|i32|bcast|char	0.250925	0.41609
1M|i32|bcast|f16	0.46430499999999997	1.62001
1M|i32|bcast|f32	0.34876	0.698585
1M|i32|bcast|f64	0.561285	1.2108
1M|i32|bcast|dec	1.198	NA
1M|i32|bcast|c128	1.2593349999999999	2.3854
1M|u32|C|bool	0.145505	0.1996
1M|u32|C|u8	0.266275	0.19742
1M|u32|C|i8	0.188465	0.20021
1M|u32|C|i16	0.427145	0.383745
1M|u32|C|u16	0.26104	0.37721
1M|u32|C|i32	0.294205	0.62685
1M|u32|C|u32	0.30852	0.491275
1M|u32|C|i64	0.53989	1.22582
1M|u32|C|u64	0.5173099999999999	1.21911
1M|u32|C|char	0.25725	0.37691
1M|u32|C|f16	0.444395	1.68516
1M|u32|C|f32	0.49128499999999997	0.773075
1M|u32|C|f64	0.536175	1.30146
1M|u32|C|dec	0.94051	NA
1M|u32|C|c128	0.919075	2.5263
1M|u32|F|bool	0.10511	0.20109
1M|u32|F|u8	0.17888500000000002	0.198115
1M|u32|F|i8	0.191045	0.20065
1M|u32|F|i16	0.29171	0.39306
1M|u32|F|u16	0.24508999999999997	0.40639
1M|u32|F|i32	0.30461499999999997	0.65521
1M|u32|F|u32	0.299125	0.51005
1M|u32|F|i64	0.615245	1.25224
1M|u32|F|u64	0.591885	1.24272
1M|u32|F|char	0.259075	0.382085
1M|u32|F|f16	0.460325	1.69066
1M|u32|F|f32	0.5344800000000001	0.753645
1M|u32|F|f64	0.540695	1.23155
1M|u32|F|dec	1.18241	NA
1M|u32|F|c128	0.9027649999999999	2.52132
1M|u32|T|bool	0.12065	0.20167
1M|u32|T|u8	0.18048	0.19728
1M|u32|T|i8	0.17818	0.197265
1M|u32|T|i16	0.255585	0.389565
1M|u32|T|u16	0.25294500000000003	0.39681
1M|u32|T|i32	0.293065	0.646345
1M|u32|T|u32	0.28503	0.518555
1M|u32|T|i64	0.52184	1.26488
1M|u32|T|u64	0.591635	1.23248
1M|u32|T|char	0.261895	0.383725
1M|u32|T|f16	0.464335	1.72844
1M|u32|T|f32	0.49854000000000004	0.74593
1M|u32|T|f64	0.57457	1.24547
1M|u32|T|dec	1.0715	NA
1M|u32|T|c128	0.9790749999999999	2.51545
1M|u32|sliced|bool	0.10049	0.20929
1M|u32|sliced|u8	0.099165	0.20471
1M|u32|sliced|i8	0.086575	0.20673
1M|u32|sliced|i16	0.260965	0.403285
1M|u32|sliced|u16	0.259675	0.392125
1M|u32|sliced|i32	0.3746	0.635415
1M|u32|sliced|u32	0.349835	0.664125
1M|u32|sliced|i64	0.56032	1.25014
1M|u32|sliced|u64	0.581275	1.20671
1M|u32|sliced|char	0.25861	0.392445
1M|u32|sliced|f16	0.481205	1.69556
1M|u32|sliced|f32	0.49414499999999995	0.73717
1M|u32|sliced|f64	0.5896250000000001	1.29084
1M|u32|sliced|dec	1.050385	NA
1M|u32|sliced|c128	0.9453950000000001	2.5259
1M|u32|negrow|bool	0.109185	0.22628
1M|u32|negrow|u8	0.09421	0.21402
1M|u32|negrow|i8	0.104745	0.21349
1M|u32|negrow|i16	0.27630499999999997	0.40209
1M|u32|negrow|u16	0.25668	0.40427
1M|u32|negrow|i32	0.342505	0.66488
1M|u32|negrow|u32	0.365495	0.71469
1M|u32|negrow|i64	0.60631	1.28018
1M|u32|negrow|u64	0.581805	1.24228
1M|u32|negrow|char	0.2579	0.40445
1M|u32|negrow|f16	0.49270500000000006	1.71707
1M|u32|negrow|f32	0.51581	0.7817
1M|u32|negrow|f64	0.534315	1.21386
1M|u32|negrow|dec	1.051185	NA
1M|u32|negrow|c128	1.086295	2.44471
1M|u32|negcol|bool	0.161145	0.335615
1M|u32|negcol|u8	0.150365	0.232415
1M|u32|negcol|i8	0.15413	0.226625
1M|u32|negcol|i16	0.259695	0.425815
1M|u32|negcol|u16	0.29434	0.440565
1M|u32|negcol|i32	0.43722000000000005	0.658445
1M|u32|negcol|u32	0.42429500000000003	0.656755
1M|u32|negcol|i64	0.5878300000000001	1.24788
1M|u32|negcol|u64	0.545195	1.21271
1M|u32|negcol|char	0.28338	0.45071
1M|u32|negcol|f16	0.8396800000000001	1.73215
1M|u32|negcol|f32	0.5115000000000001	0.7858
1M|u32|negcol|f64	0.58277	1.25677
1M|u32|negcol|dec	1.00274	NA
1M|u32|negcol|c128	1.06844	2.43844
1M|u32|strided|bool	0.09407499999999999	0.149985
1M|u32|strided|u8	0.07675	0.10316
1M|u32|strided|i8	0.07571	0.098985
1M|u32|strided|i16	0.098065	0.117645
1M|u32|strided|u16	0.09448999999999999	0.11686
1M|u32|strided|i32	0.308115	0.33514
1M|u32|strided|u32	0.275765	0.34219
1M|u32|strided|i64	0.351305	0.63492
1M|u32|strided|u64	0.33477	0.629985
1M|u32|strided|char	0.077935	0.1199
1M|u32|strided|f16	0.40397	0.75748
1M|u32|strided|f32	0.31100500000000003	0.385155
1M|u32|strided|f64	0.36955499999999997	0.61512
1M|u32|strided|dec	0.61083	NA
1M|u32|strided|c128	0.50899	1.22784
1M|u32|bcast|bool	0.08996	0.31595
1M|u32|bcast|u8	0.08673499999999999	0.22871
1M|u32|bcast|i8	0.06494	0.217795
1M|u32|bcast|i16	0.25148000000000004	0.41564
1M|u32|bcast|u16	0.236625	0.41773
1M|u32|bcast|i32	0.34217	0.695695
1M|u32|bcast|u32	0.343775	0.75158
1M|u32|bcast|i64	0.56662	1.20291
1M|u32|bcast|u64	0.5700000000000001	1.22256
1M|u32|bcast|char	0.23996499999999998	0.42064
1M|u32|bcast|f16	0.45278999999999997	1.67711
1M|u32|bcast|f32	0.35794000000000004	0.74331
1M|u32|bcast|f64	0.5762050000000001	1.23145
1M|u32|bcast|dec	1.024375	NA
1M|u32|bcast|c128	0.9295450000000001	2.37669
1M|i64|C|bool	0.207995	0.21581
1M|i64|C|u8	0.239195	0.23344
1M|i64|C|i8	0.202325	0.19703
1M|i64|C|i16	0.33015500000000003	0.394225
1M|i64|C|u16	0.32171500000000003	0.39237
1M|i64|C|i32	0.384425	0.66182
1M|i64|C|u32	0.3847	0.63622
1M|i64|C|i64	0.48689499999999997	0.982025
1M|i64|C|u64	0.495835	1.23379
1M|i64|C|char	0.29293	0.390695
1M|i64|C|f16	2.068375	1.61817
1M|i64|C|f32	0.44247	0.6687
1M|i64|C|f64	0.63854	1.29911
1M|i64|C|dec	1.039085	NA
1M|i64|C|c128	1.132565	2.42401
1M|i64|F|bool	0.182315	0.215275
1M|i64|F|u8	0.21503	0.231485
1M|i64|F|i8	0.22710499999999997	0.197385
1M|i64|F|i16	0.34283	0.3863
1M|i64|F|u16	0.334565	0.4181
1M|i64|F|i32	0.37061	0.67471
1M|i64|F|u32	0.385615	0.685205
1M|i64|F|i64	0.476125	0.994765
1M|i64|F|u64	0.491855	1.26113
1M|i64|F|char	0.29652500000000004	0.396445
1M|i64|F|f16	1.963085	1.61138
1M|i64|F|f32	0.40780000000000005	0.712305
1M|i64|F|f64	0.62208	1.271
1M|i64|F|dec	1.190585	NA
1M|i64|F|c128	1.04537	2.50798
1M|i64|T|bool	0.197665	0.220515
1M|i64|T|u8	0.22887	0.246965
1M|i64|T|i8	0.210265	0.19948
1M|i64|T|i16	0.341735	0.392135
1M|i64|T|u16	0.328225	0.39776
1M|i64|T|i32	0.397195	0.668945
1M|i64|T|u32	0.40437	0.65677
1M|i64|T|i64	0.47055499999999995	0.99606
1M|i64|T|u64	0.49403499999999995	1.23095
1M|i64|T|char	0.29842	0.396735
1M|i64|T|f16	1.91482	1.5978
1M|i64|T|f32	0.43486	0.672645
1M|i64|T|f64	0.50049	1.2284
1M|i64|T|dec	1.090025	NA
1M|i64|T|c128	1.029165	2.51204
1M|i64|sliced|bool	0.19603500000000001	0.216655
1M|i64|sliced|u8	0.17921499999999999	0.21101
1M|i64|sliced|i8	0.16886	0.20456
1M|i64|sliced|i16	0.31555	0.402355
1M|i64|sliced|u16	0.29998	0.392145
1M|i64|sliced|i32	0.378065	0.633975
1M|i64|sliced|u32	0.40740999999999994	0.659365
1M|i64|sliced|i64	0.586435	1.34128
1M|i64|sliced|u64	0.500085	1.24066
1M|i64|sliced|char	0.31576499999999996	0.38959
1M|i64|sliced|f16	1.938495	1.62272
1M|i64|sliced|f32	0.486355	0.656245
1M|i64|sliced|f64	0.64223	1.26491
1M|i64|sliced|dec	1.04193	NA
1M|i64|sliced|c128	1.165635	2.47015
1M|i64|negrow|bool	0.21842	0.237895
1M|i64|negrow|u8	0.171985	0.221055
1M|i64|negrow|i8	0.17734	0.22219
1M|i64|negrow|i16	0.30373	0.417095
1M|i64|negrow|u16	0.310245	0.43194
1M|i64|negrow|i32	0.37693	0.68452
1M|i64|negrow|u32	0.41273499999999996	0.717915
1M|i64|negrow|i64	0.539025	1.34563
1M|i64|negrow|u64	0.6027549999999999	1.30384
1M|i64|negrow|char	0.325685	0.42134
1M|i64|negrow|f16	2.012145	1.65636
1M|i64|negrow|f32	0.47631500000000004	0.72596
1M|i64|negrow|f64	0.6393	1.25114
1M|i64|negrow|dec	1.3540699999999999	NA
1M|i64|negrow|c128	1.133245	2.58959
1M|i64|negcol|bool	0.275935	0.334605
1M|i64|negcol|u8	0.24630000000000002	0.231895
1M|i64|negcol|i8	0.253915	0.24464
1M|i64|negcol|i16	0.32724000000000003	0.445655
1M|i64|negcol|u16	0.340295	0.44261
1M|i64|negcol|i32	0.492525	0.73239
1M|i64|negcol|u32	0.420165	0.685565
1M|i64|negcol|i64	0.59548	1.32402
1M|i64|negcol|u64	0.720285	1.28715
1M|i64|negcol|char	0.33724	0.442655
1M|i64|negcol|f16	2.0032699999999997	1.67157
1M|i64|negcol|f32	0.47775999999999996	0.69958
1M|i64|negcol|f64	0.572195	1.30895
1M|i64|negcol|dec	1.193375	NA
1M|i64|negcol|c128	1.022005	2.77063
1M|i64|strided|bool	0.167025	0.17361
1M|i64|strided|u8	0.14576499999999998	0.12782
1M|i64|strided|i8	0.14580500000000002	0.139165
1M|i64|strided|i16	0.154315	0.145695
1M|i64|strided|u16	0.150915	0.14343
1M|i64|strided|i32	0.30663	0.36124
1M|i64|strided|u32	0.30442	0.37722
1M|i64|strided|i64	0.394325	0.676835
1M|i64|strided|u64	0.425335	0.672385
1M|i64|strided|char	0.149845	0.140285
1M|i64|strided|f16	0.988675	0.73333
1M|i64|strided|f32	0.30683	0.38508
1M|i64|strided|f64	0.41015499999999994	0.68712
1M|i64|strided|dec	0.536505	NA
1M|i64|strided|c128	0.5669850000000001	1.29067
1M|i64|bcast|bool	0.12664	0.33418
1M|i64|bcast|u8	0.10418000000000001	0.218195
1M|i64|bcast|i8	0.100895	0.23087
1M|i64|bcast|i16	0.242385	0.41504
1M|i64|bcast|u16	0.23298000000000002	0.409775
1M|i64|bcast|i32	0.34387	0.699135
1M|i64|bcast|u32	0.340555	0.67155
1M|i64|bcast|i64	0.592495	1.46058
1M|i64|bcast|u64	0.57964	1.27831
1M|i64|bcast|char	0.22849	0.42349
1M|i64|bcast|f16	1.81614	1.66002
1M|i64|bcast|f32	0.36015	0.705875
1M|i64|bcast|f64	0.61988	1.20328
1M|i64|bcast|dec	1.002965	NA
1M|i64|bcast|c128	0.843825	2.36498
1M|u64|C|bool	0.18048999999999998	0.23035
1M|u64|C|u8	0.215925	0.1996
1M|u64|C|i8	0.20699499999999998	0.208085
1M|u64|C|i16	0.331415	0.44296
1M|u64|C|u16	0.34469	0.4281
1M|u64|C|i32	0.376535	0.69992
1M|u64|C|u32	0.39271	0.73953
1M|u64|C|i64	0.49715999999999994	1.47327
1M|u64|C|u64	0.507765	1.13489
1M|u64|C|char	0.31079	0.447045
1M|u64|C|f16	2.421035	1.92994
1M|u64|C|f32	0.668445	0.78746
1M|u64|C|f64	0.73082	1.30796
1M|u64|C|dec	1.01348	NA
1M|u64|C|c128	1.107135	2.59372
1M|u64|F|bool	0.16486499999999998	0.212215
1M|u64|F|u8	0.22261999999999998	0.20698
1M|u64|F|i8	0.217285	0.200405
1M|u64|F|i16	0.3346	0.4064
1M|u64|F|u16	0.322185	0.39059
1M|u64|F|i32	0.36902	0.669785
1M|u64|F|u32	0.383075	0.676945
1M|u64|F|i64	0.487965	1.26582
1M|u64|F|u64	0.48524	1.019
1M|u64|F|char	0.27244999999999997	0.415
1M|u64|F|f16	2.39893	1.84015
1M|u64|F|f32	0.653505	0.77822
1M|u64|F|f64	0.799185	1.36343
1M|u64|F|dec	1.055565	NA
1M|u64|F|c128	1.0233599999999998	2.58888
1M|u64|T|bool	0.17351	0.21441
1M|u64|T|u8	0.21656	0.200625
1M|u64|T|i8	0.21516000000000002	0.200305
1M|u64|T|i16	0.34333	0.426555
1M|u64|T|u16	0.324235	0.389545
1M|u64|T|i32	0.397995	0.670455
1M|u64|T|u32	0.3856	0.704435
1M|u64|T|i64	0.48969500000000005	1.37909
1M|u64|T|u64	0.49012500000000003	1.01439
1M|u64|T|char	0.270465	0.38987
1M|u64|T|f16	2.4223600000000003	1.84347
1M|u64|T|f32	0.6473099999999999	0.784255
1M|u64|T|f64	0.738605	1.30217
1M|u64|T|dec	0.9828150000000001	NA
1M|u64|T|c128	1.07613	2.65066
1M|u64|sliced|bool	0.185075	0.21951
1M|u64|sliced|u8	0.17171	0.205795
1M|u64|sliced|i8	0.160655	0.20691
1M|u64|sliced|i16	0.299965	0.40379
1M|u64|sliced|u16	0.299705	0.40406
1M|u64|sliced|i32	0.39469	0.695935
1M|u64|sliced|u32	0.377705	0.725345
1M|u64|sliced|i64	0.553605	1.30611
1M|u64|sliced|u64	0.626325	1.38107
1M|u64|sliced|char	0.29331	0.407155
1M|u64|sliced|f16	2.41097	1.84268
1M|u64|sliced|f32	0.778735	0.76755
1M|u64|sliced|f64	0.8386100000000001	1.28271
1M|u64|sliced|dec	1.197405	NA
1M|u64|sliced|c128	1.3089549999999999	2.52846
1M|u64|negrow|bool	0.21865	0.24561
1M|u64|negrow|u8	0.18405	0.22706
1M|u64|negrow|i8	0.19207000000000002	0.223045
1M|u64|negrow|i16	0.349155	0.416415
1M|u64|negrow|u16	0.322355	0.41462
1M|u64|negrow|i32	0.38431000000000004	0.67322
1M|u64|negrow|u32	0.389975	0.71082
1M|u64|negrow|i64	0.592955	1.27187
1M|u64|negrow|u64	0.5603049999999999	1.41008
1M|u64|negrow|char	0.301595	0.424335
1M|u64|negrow|f16	2.48292	1.88467
1M|u64|negrow|f32	0.818725	0.808995
1M|u64|negrow|f64	0.9304650000000001	1.27699
1M|u64|negrow|dec	1.13147	NA
1M|u64|negrow|c128	1.05704	2.63826
1M|u64|negcol|bool	0.26901	0.341035
1M|u64|negcol|u8	0.255695	0.25013
1M|u64|negcol|i8	0.24994	0.242725
1M|u64|negcol|i16	0.352695	0.441055
1M|u64|negcol|u16	0.335335	0.44599
1M|u64|negcol|i32	0.40319000000000005	0.66758
1M|u64|negcol|u32	0.396085	0.754745
1M|u64|negcol|i64	0.59347	1.28111
1M|u64|negcol|u64	0.57029	1.26226
1M|u64|negcol|char	0.33926500000000004	0.44247
1M|u64|negcol|f16	2.447945	1.8594
1M|u64|negcol|f32	0.77813	0.789015
1M|u64|negcol|f64	0.7933600000000001	1.32976
1M|u64|negcol|dec	1.09281	NA
1M|u64|negcol|c128	1.1859600000000001	2.53723
1M|u64|strided|bool	0.1553	0.173985
1M|u64|strided|u8	0.139155	0.13833
1M|u64|strided|i8	0.13065	0.13359
1M|u64|strided|i16	0.15536	0.13907
1M|u64|strided|u16	0.15226	0.164685
1M|u64|strided|i32	0.29246500000000003	0.35198
1M|u64|strided|u32	0.290935	0.361715
1M|u64|strided|i64	0.40143000000000006	0.661345
1M|u64|strided|u64	0.39049999999999996	0.64627
1M|u64|strided|char	0.15293	0.156195
1M|u64|strided|f16	1.23682	0.81495
1M|u64|strided|f32	0.45596	0.43161
1M|u64|strided|f64	0.443365	0.663275
1M|u64|strided|dec	0.593335	NA
1M|u64|strided|c128	0.571275	1.26474
1M|u64|bcast|bool	0.12365	0.33107
1M|u64|bcast|u8	0.099605	0.237445
1M|u64|bcast|i8	0.10006999999999999	0.21477
1M|u64|bcast|i16	0.240535	0.415285
1M|u64|bcast|u16	0.26112	0.42452
1M|u64|bcast|i32	0.34963500000000003	0.661985
1M|u64|bcast|u32	0.333995	0.666875
1M|u64|bcast|i64	0.5840150000000001	1.2559
1M|u64|bcast|u64	0.563065	1.40272
1M|u64|bcast|char	0.24257	0.41857
1M|u64|bcast|f16	2.340935	1.82078
1M|u64|bcast|f32	0.352205	0.758085
1M|u64|bcast|f64	0.565325	1.23081
1M|u64|bcast|dec	1.00016	NA
1M|u64|bcast|c128	1.01035	2.44722
1M|char|C|bool	0.10185999999999999	0.19929
1M|char|C|u8	0.11608	0.201495
1M|char|C|i8	0.102675	0.19706
1M|char|C|i16	0.251415	0.384085
1M|char|C|u16	0.26711	0.26223
1M|char|C|i32	0.39525	0.684535
1M|char|C|u32	0.41064999999999996	0.638055
1M|char|C|i64	0.58602	1.20712
1M|char|C|u64	0.612575	1.23185
1M|char|C|char	0.212955	0.25875
1M|char|C|f16	0.442305	1.59212
1M|char|C|f32	0.45682999999999996	0.645405
1M|char|C|f64	0.5812	1.22475
1M|char|C|dec	1.1359949999999999	NA
1M|char|C|c128	1.042585	2.36216
1M|char|F|bool	0.10126500000000001	0.19821
1M|char|F|u8	0.101675	0.198205
1M|char|F|i8	0.08982	0.196885
1M|char|F|i16	0.20332	0.383815
1M|char|F|u16	0.21101	0.2571
1M|char|F|i32	0.40164	0.658335
1M|char|F|u32	0.39305	0.66214
1M|char|F|i64	0.5803499999999999	1.22335
1M|char|F|u64	0.54518	1.26564
1M|char|F|char	0.21358000000000002	0.259505
1M|char|F|f16	0.447205	1.57856
1M|char|F|f32	0.44305500000000003	0.64347
1M|char|F|f64	0.536905	1.2108
1M|char|F|dec	0.9757849999999999	NA
1M|char|F|c128	1.04223	2.45281
1M|char|T|bool	0.097215	0.198605
1M|char|T|u8	0.09543	0.204025
1M|char|T|i8	0.09107	0.19686
1M|char|T|i16	0.20289000000000001	0.380325
1M|char|T|u16	0.20111500000000002	0.253655
1M|char|T|i32	0.382735	0.62807
1M|char|T|u32	0.392995	0.632475
1M|char|T|i64	0.5785	1.2148
1M|char|T|u64	0.522655	1.22412
1M|char|T|char	0.20346000000000003	0.267815
1M|char|T|f16	0.439365	1.60202
1M|char|T|f32	0.44276	0.64157
1M|char|T|f64	0.528985	1.21865
1M|char|T|dec	0.976435	NA
1M|char|T|c128	0.9348150000000001	2.46376
1M|char|sliced|bool	0.10028999999999999	0.2073
1M|char|sliced|u8	0.272435	0.20958
1M|char|sliced|i8	0.272605	0.203005
1M|char|sliced|i16	0.273495	0.38289
1M|char|sliced|u16	0.259235	0.338695
1M|char|sliced|i32	0.390345	0.66031
1M|char|sliced|u32	0.41397500000000004	0.61492
1M|char|sliced|i64	0.589475	1.24641
1M|char|sliced|u64	0.585665	1.19318
1M|char|sliced|char	0.26604	0.331465
1M|char|sliced|f16	0.46236499999999997	1.62453
1M|char|sliced|f32	0.43582	0.634385
1M|char|sliced|f64	0.5584	1.23447
1M|char|sliced|dec	0.99929	NA
1M|char|sliced|c128	0.92605	2.40934
1M|char|negrow|bool	0.089685	0.22348
1M|char|negrow|u8	0.28234499999999996	0.21354
1M|char|negrow|i8	0.27979	0.21196
1M|char|negrow|i16	0.258135	0.415235
1M|char|negrow|u16	0.25674	0.34059
1M|char|negrow|i32	0.39780000000000004	0.6451
1M|char|negrow|u32	0.40045000000000003	0.644835
1M|char|negrow|i64	0.5930799999999999	1.2152
1M|char|negrow|u64	0.552775	1.22244
1M|char|negrow|char	0.24843500000000002	0.343195
1M|char|negrow|f16	0.47243500000000005	1.64417
1M|char|negrow|f32	0.44745	0.67462
1M|char|negrow|f64	0.523795	1.24703
1M|char|negrow|dec	0.9415549999999999	NA
1M|char|negrow|c128	0.929165	2.48217
1M|char|negcol|bool	0.44925499999999996	0.327135
1M|char|negcol|u8	0.277785	0.255995
1M|char|negcol|i8	0.28168000000000004	0.231755
1M|char|negcol|i16	0.26105999999999996	0.41931
1M|char|negcol|u16	0.25573999999999997	0.403765
1M|char|negcol|i32	0.427315	0.666675
1M|char|negcol|u32	0.42876000000000003	0.68339
1M|char|negcol|i64	0.568685	1.28848
1M|char|negcol|u64	0.543635	1.28706
1M|char|negcol|char	0.24538000000000001	0.413395
1M|char|negcol|f16	0.8277599999999999	1.66553
1M|char|negcol|f32	0.4566	0.70144
1M|char|negcol|f64	0.5040199999999999	1.25247
1M|char|negcol|dec	0.9289799999999999	NA
1M|char|negcol|c128	0.9091699999999999	2.46106
1M|char|strided|bool	0.23773499999999997	0.160805
1M|char|strided|u8	0.14445	0.11182
1M|char|strided|i8	0.14116	0.111005
1M|char|strided|i16	0.09925	0.11519
1M|char|strided|u16	0.089665	0.105835
1M|char|strided|i32	0.25683	0.334955
1M|char|strided|u32	0.273385	0.328105
1M|char|strided|i64	0.3355	0.620085
1M|char|strided|u64	0.34396	0.635735
1M|char|strided|char	0.09168	0.10534
1M|char|strided|f16	0.396445	0.746775
1M|char|strided|f32	0.29362	0.34552
1M|char|strided|f64	0.371605	0.636075
1M|char|strided|dec	0.57928	NA
1M|char|strided|c128	0.5159900000000001	1.22202
1M|char|bcast|bool	0.07014000000000001	0.31849
1M|char|bcast|u8	0.27118000000000003	0.257465
1M|char|bcast|i8	0.27284	0.226075
1M|char|bcast|i16	0.240745	0.414035
1M|char|bcast|u16	0.27849	0.38245
1M|char|bcast|i32	0.39388999999999996	0.666
1M|char|bcast|u32	0.42112999999999995	0.703155
1M|char|bcast|i64	0.5690850000000001	1.19639
1M|char|bcast|u64	0.566265	1.20832
1M|char|bcast|char	0.245705	0.387115
1M|char|bcast|f16	0.46021	1.62376
1M|char|bcast|f32	0.445075	0.69828
1M|char|bcast|f64	0.57169	1.24457
1M|char|bcast|dec	0.9883050000000001	NA
1M|char|bcast|c128	0.93269	2.46541
1M|f16|C|bool	0.092545	0.457125
1M|f16|C|u8	0.19259500000000002	0.945825
1M|f16|C|i8	0.191055	0.955145
1M|f16|C|i16	0.26821	1.1138
1M|f16|C|u16	0.29652	1.11139
1M|f16|C|i32	0.33738	1.30937
1M|f16|C|u32	0.67047	1.30298
1M|f16|C|i64	0.5378149999999999	1.72273
1M|f16|C|u64	1.9121200000000003	1.83657
1M|f16|C|char	0.28111	1.11714
1M|f16|C|f16	0.197695	0.250825
1M|f16|C|f32	0.765185	1.04355
1M|f16|C|f64	1.623525	1.47258
1M|f16|C|dec	6.720385	NA
1M|f16|C|c128	1.6469650000000002	2.67122
1M|f16|F|bool	0.09520999999999999	0.48005
1M|f16|F|u8	0.170935	0.94738
1M|f16|F|i8	0.15603499999999998	0.946825
1M|f16|F|i16	0.293895	1.11764
1M|f16|F|u16	0.278745	1.12389
1M|f16|F|i32	0.358525	1.32262
1M|f16|F|u32	0.6466649999999999	1.29364
1M|f16|F|i64	0.57793	1.70017
1M|f16|F|u64	1.692205	1.86157
1M|f16|F|char	0.26866500000000004	1.11604
1M|f16|F|f16	0.20517500000000002	0.25189
1M|f16|F|f32	0.480805	1.05216
1M|f16|F|f64	1.52826	1.47085
1M|f16|F|dec	6.759745	NA
1M|f16|F|c128	1.750105	2.68028
1M|f16|T|bool	0.09217	0.456935
1M|f16|T|u8	0.15718000000000001	0.937745
1M|f16|T|i8	0.15337	0.956385
1M|f16|T|i16	0.26946	1.10953
1M|f16|T|u16	0.26071	1.11613
1M|f16|T|i32	0.345325	1.29069
1M|f16|T|u32	0.6316900000000001	1.29104
1M|f16|T|i64	0.5666100000000001	1.69968
1M|f16|T|u64	1.6844449999999997	1.84041
1M|f16|T|char	0.29283000000000003	1.13724
1M|f16|T|f16	0.208625	0.26604
1M|f16|T|f32	0.404455	1.05834
1M|f16|T|f64	1.542905	1.49004
1M|f16|T|dec	6.759964999999999	NA
1M|f16|T|c128	1.72594	2.81508
1M|f16|sliced|bool	0.094025	0.450055
1M|f16|sliced|u8	0.19233499999999998	0.943755
1M|f16|sliced|i8	0.19229000000000002	0.94307
1M|f16|sliced|i16	0.286265	1.13967
1M|f16|sliced|u16	0.27459500000000003	1.11542
1M|f16|sliced|i32	0.35927	1.30517
1M|f16|sliced|u32	0.6716	1.31293
1M|f16|sliced|i64	0.549615	1.74171
1M|f16|sliced|u64	1.7298449999999999	1.84648
1M|f16|sliced|char	0.28537	1.12296
1M|f16|sliced|f16	0.254505	0.33722
1M|f16|sliced|f32	0.38198	1.04757
1M|f16|sliced|f64	1.5236649999999998	1.46279
1M|f16|sliced|dec	6.6852599999999995	NA
1M|f16|sliced|c128	1.7581900000000001	2.65258
1M|f16|negrow|bool	0.10136	0.45779
1M|f16|negrow|u8	0.20779	0.94997
1M|f16|negrow|i8	0.20865499999999998	0.948695
1M|f16|negrow|i16	0.305315	1.13277
1M|f16|negrow|u16	0.28817	1.13107
1M|f16|negrow|i32	0.328135	1.31893
1M|f16|negrow|u32	0.6429549999999999	1.33777
1M|f16|negrow|i64	0.57632	1.73031
1M|f16|negrow|u64	1.766545	1.88588
1M|f16|negrow|char	0.302285	1.13351
1M|f16|negrow|f16	0.24931	0.34792
1M|f16|negrow|f32	0.37532	1.0565
1M|f16|negrow|f64	1.589625	1.46626
1M|f16|negrow|dec	6.82706	NA
1M|f16|negrow|c128	1.784655	2.67861
1M|f16|negcol|bool	0.4929	0.46357
1M|f16|negcol|u8	0.626085	0.95633
1M|f16|negcol|i8	0.64227	0.955905
1M|f16|negcol|i16	0.695805	1.14463
1M|f16|negcol|u16	0.70565	1.14673
1M|f16|negcol|i32	0.69425	1.32745
1M|f16|negcol|u32	1.06873	1.31499
1M|f16|negcol|i64	1.04818	1.7161
1M|f16|negcol|u64	2.328895	1.89811
1M|f16|negcol|char	0.68825	1.13923
1M|f16|negcol|f16	0.25192000000000003	0.40213
1M|f16|negcol|f32	0.73585	1.06159
1M|f16|negcol|f64	1.64878	1.45437
1M|f16|negcol|dec	7.008374999999999	NA
1M|f16|negcol|c128	1.698215	2.66814
1M|f16|strided|bool	0.262445	0.228095
1M|f16|strided|u8	0.31366	0.470595
1M|f16|strided|i8	0.33666999999999997	0.47013
1M|f16|strided|i16	0.302905	0.50567
1M|f16|strided|u16	0.30269	0.50108
1M|f16|strided|i32	0.38919000000000004	0.6512
1M|f16|strided|u32	0.5801149999999999	0.655405
1M|f16|strided|i64	0.44713	0.850695
1M|f16|strided|u64	1.155345	0.92848
1M|f16|strided|char	0.303555	0.505915
1M|f16|strided|f16	0.093695	0.105825
1M|f16|strided|f32	0.415285	0.52897
1M|f16|strided|f64	0.816715	0.73833
1M|f16|strided|dec	3.5288049999999997	NA
1M|f16|strided|c128	0.9432	1.35044
1M|f16|bcast|bool	0.085215	0.457805
1M|f16|bcast|u8	0.203065	0.950105
1M|f16|bcast|i8	0.19634000000000001	0.951835
1M|f16|bcast|i16	0.29298	1.13246
1M|f16|bcast|u16	0.29243	1.12918
1M|f16|bcast|i32	0.359675	1.30999
1M|f16|bcast|u32	0.647035	1.30332
1M|f16|bcast|i64	0.5274300000000001	1.70681
1M|f16|bcast|u64	1.7486249999999999	1.99465
1M|f16|bcast|char	0.291455	1.13224
1M|f16|bcast|f16	0.247775	0.38308
1M|f16|bcast|f32	0.35299	1.07784
1M|f16|bcast|f64	1.5355	1.52578
1M|f16|bcast|dec	6.7091650000000005	NA
1M|f16|bcast|c128	1.735005	2.69268
1M|f32|C|bool	0.11737	0.40597
1M|f32|C|u8	0.1119	0.317185
1M|f32|C|i8	0.10273000000000002	0.23873
1M|f32|C|i16	0.27691	0.44222
1M|f32|C|u16	0.279535	0.45268
1M|f32|C|i32	0.364125	0.656355
1M|f32|C|u32	0.49953000000000003	0.69667
1M|f32|C|i64	1.47909	1.23606
1M|f32|C|u64	1.5032299999999998	1.3513
1M|f32|C|char	0.28422000000000003	0.41916
1M|f32|C|f16	0.41054500000000005	1.55266
1M|f32|C|f32	0.2974	0.49627
1M|f32|C|f64	0.5556650000000001	1.23815
1M|f32|C|dec	9.61176	NA
1M|f32|C|c128	1.0531700000000002	2.53883
1M|f32|F|bool	0.13698	0.406985
1M|f32|F|u8	0.11213	0.239145
1M|f32|F|i8	0.105415	0.235755
1M|f32|F|i16	0.25484	0.44162
1M|f32|F|u16	0.261345	0.42354
1M|f32|F|i32	0.33613	0.64302
1M|f32|F|u32	0.48987499999999995	0.631895
1M|f32|F|i64	1.49477	1.25335
1M|f32|F|u64	1.52416	1.29983
1M|f32|F|char	0.26152000000000003	0.422615
1M|f32|F|f16	0.423895	1.49252
1M|f32|F|f32	0.29586999999999997	0.488415
1M|f32|F|f64	0.546895	1.27049
1M|f32|F|dec	9.62453	NA
1M|f32|F|c128	1.146735	2.42887
1M|f32|T|bool	0.10454000000000001	0.463795
1M|f32|T|u8	0.102135	0.23556
1M|f32|T|i8	0.10582499999999999	0.233945
1M|f32|T|i16	0.269645	0.440025
1M|f32|T|u16	0.262855	0.42756
1M|f32|T|i32	0.359065	0.669925
1M|f32|T|u32	0.485615	0.692915
1M|f32|T|i64	1.5042550000000001	1.30658
1M|f32|T|u64	1.5118550000000002	1.30901
1M|f32|T|char	0.269615	0.607815
1M|f32|T|f16	0.41317000000000004	1.66696
1M|f32|T|f32	0.30508	0.5004
1M|f32|T|f64	0.535285	1.25566
1M|f32|T|dec	9.649424999999999	NA
1M|f32|T|c128	1.08633	2.7687
1M|f32|sliced|bool	0.11119000000000001	0.39181
1M|f32|sliced|u8	0.103015	0.243
1M|f32|sliced|i8	0.10544500000000001	0.246785
1M|f32|sliced|i16	0.2652	0.449745
1M|f32|sliced|u16	0.26634	0.43034
1M|f32|sliced|i32	0.348045	0.703965
1M|f32|sliced|u32	0.511025	0.722325
1M|f32|sliced|i64	1.47245	1.24614
1M|f32|sliced|u64	1.525235	1.2579
1M|f32|sliced|char	0.260525	0.423145
1M|f32|sliced|f16	0.41603	1.49379
1M|f32|sliced|f32	0.355235	0.67316
1M|f32|sliced|f64	0.564865	1.25786
1M|f32|sliced|dec	9.60212	NA
1M|f32|sliced|c128	1.11268	2.38386
1M|f32|negrow|bool	0.13714500000000002	0.401515
1M|f32|negrow|u8	0.11336500000000001	0.256805
1M|f32|negrow|i8	0.116475	0.25269
1M|f32|negrow|i16	0.25775000000000003	0.464
1M|f32|negrow|u16	0.2595	0.43866
1M|f32|negrow|i32	0.381605	0.67375
1M|f32|negrow|u32	0.5011	0.680835
1M|f32|negrow|i64	1.533055	1.21198
1M|f32|negrow|u64	1.49019	1.27164
1M|f32|negrow|char	0.2819	0.44167
1M|f32|negrow|f16	0.44000500000000003	1.51877
1M|f32|negrow|f32	0.362575	0.67877
1M|f32|negrow|f64	0.595745	1.25255
1M|f32|negrow|dec	9.66794	NA
1M|f32|negrow|c128	1.175535	2.46671
1M|f32|negcol|bool	0.162115	0.409275
1M|f32|negcol|u8	0.16971	0.2658
1M|f32|negcol|i8	0.159435	0.26203
1M|f32|negcol|i16	0.26743	0.46284
1M|f32|negcol|u16	0.279875	0.460215
1M|f32|negcol|i32	0.36863999999999997	0.70006
1M|f32|negcol|u32	0.64734	0.6726
1M|f32|negcol|i64	1.4522249999999999	1.24672
1M|f32|negcol|u64	1.6798749999999998	1.2726
1M|f32|negcol|char	0.288945	0.462125
1M|f32|negcol|f16	0.8111700000000001	1.52231
1M|f32|negcol|f32	0.41576	0.659045
1M|f32|negcol|f64	1.0354100000000002	1.24333
1M|f32|negcol|dec	9.691645	NA
1M|f32|negcol|c128	1.09815	2.40718
1M|f32|strided|bool	0.09859	0.194545
1M|f32|strided|u8	0.09630999999999999	0.12975
1M|f32|strided|i8	0.10781	0.129495
1M|f32|strided|i16	0.10286	0.13507
1M|f32|strided|u16	0.0967	0.13453
1M|f32|strided|i32	0.2651	0.349905
1M|f32|strided|u32	0.425965	0.33933
1M|f32|strided|i64	0.6987099999999999	0.637165
1M|f32|strided|u64	0.809135	0.62928
1M|f32|strided|char	0.10439499999999999	0.134505
1M|f32|strided|f16	0.37863	0.67751
1M|f32|strided|f32	0.28642	0.333765
1M|f32|strided|f64	0.518055	0.631745
1M|f32|strided|dec	4.9437750000000005	NA
1M|f32|strided|c128	0.56721	1.24863
1M|f32|bcast|bool	0.07593	0.38845
1M|f32|bcast|u8	0.091825	0.25741
1M|f32|bcast|i8	0.07753	0.260235
1M|f32|bcast|i16	0.24951500000000001	0.45039
1M|f32|bcast|u16	0.242465	0.45019
1M|f32|bcast|i32	0.332555	0.70236
1M|f32|bcast|u32	0.48269	0.68527
1M|f32|bcast|i64	0.5607949999999999	1.22328
1M|f32|bcast|u64	1.4843899999999999	1.2778
1M|f32|bcast|char	0.21575000000000003	0.443615
1M|f32|bcast|f16	0.41479499999999997	1.51125
1M|f32|bcast|f32	0.33615	0.72939
1M|f32|bcast|f64	0.5011650000000001	1.20678
1M|f32|bcast|dec	9.575985	NA
1M|f32|bcast|c128	1.08203	2.41576
1M|f64|C|bool	0.189425	0.385835
1M|f64|C|u8	0.29755	0.233945
1M|f64|C|i8	0.258205	0.234085
1M|f64|C|i16	0.316465	0.426925
1M|f64|C|u16	0.30097999999999997	0.427055
1M|f64|C|i32	0.365695	0.6997
1M|f64|C|u32	0.46688999999999997	0.66754
1M|f64|C|i64	1.46261	1.22703
1M|f64|C|u64	1.41783	1.28799
1M|f64|C|char	0.28995000000000004	0.437075
1M|f64|C|f16	1.620965	1.67187
1M|f64|C|f32	0.388425	0.67815
1M|f64|C|f64	0.503275	1.01071
1M|f64|C|dec	6.006615	NA
1M|f64|C|c128	1.059345	2.54293
1M|f64|F|bool	0.212805	0.39173
1M|f64|F|u8	0.185475	0.23347
1M|f64|F|i8	0.16765000000000002	0.23503
1M|f64|F|i16	0.317955	0.423385
1M|f64|F|u16	0.295385	0.421655
1M|f64|F|i32	0.38505	0.666405
1M|f64|F|u32	0.466725	0.670655
1M|f64|F|i64	1.4760849999999999	1.24779
1M|f64|F|u64	1.485945	1.52255
1M|f64|F|char	0.303335	0.58423
1M|f64|F|f16	1.055885	1.75052
1M|f64|F|f32	0.379235	0.957575
1M|f64|F|f64	0.483535	1.19537
1M|f64|F|dec	6.031375	NA
1M|f64|F|c128	0.9682299999999999	3.08802
1M|f64|T|bool	0.17191499999999998	0.54925
1M|f64|T|u8	0.16228499999999998	0.423145
1M|f64|T|i8	0.18084499999999998	0.39497
1M|f64|T|i16	0.316095	0.668585
1M|f64|T|u16	0.299705	0.49703
1M|f64|T|i32	0.363455	0.957695
1M|f64|T|u32	0.45183999999999996	0.85117
1M|f64|T|i64	1.47812	1.46776
1M|f64|T|u64	1.448685	1.59742
1M|f64|T|char	0.30134500000000003	0.59925
1M|f64|T|f16	1.05396	1.99782
1M|f64|T|f32	0.387675	0.779655
1M|f64|T|f64	0.483115	1.14507
1M|f64|T|dec	6.049799999999999	NA
1M|f64|T|c128	1.104515	2.68316
1M|f64|sliced|bool	0.19154500000000002	0.396505
1M|f64|sliced|u8	0.19461	0.24412
1M|f64|sliced|i8	0.19627	0.270285
1M|f64|sliced|i16	0.30713	0.435005
1M|f64|sliced|u16	0.30053	0.43388
1M|f64|sliced|i32	0.97726	0.699415
1M|f64|sliced|u32	0.459365	0.67222
1M|f64|sliced|i64	1.46281	1.34059
1M|f64|sliced|u64	1.498675	1.3569
1M|f64|sliced|char	0.339565	0.439045
1M|f64|sliced|f16	1.12531	1.68018
1M|f64|sliced|f32	0.39988999999999997	0.693555
1M|f64|sliced|f64	0.53212	1.35078
1M|f64|sliced|dec	6.0529150000000005	NA
1M|f64|sliced|c128	1.3325150000000001	2.47445
1M|f64|negrow|bool	0.22210000000000002	0.409055
1M|f64|negrow|u8	0.21145999999999998	0.25049
1M|f64|negrow|i8	0.2102	0.255855
1M|f64|negrow|i16	0.31001	0.46598
1M|f64|negrow|u16	0.317715	0.4515
1M|f64|negrow|i32	0.38287499999999997	0.683785
1M|f64|negrow|u32	0.49156000000000005	0.68699
1M|f64|negrow|i64	1.52309	1.31857
1M|f64|negrow|u64	1.59135	1.26122
1M|f64|negrow|char	0.319495	0.45537
1M|f64|negrow|f16	1.0881399999999999	1.73037
1M|f64|negrow|f32	0.395295	0.701305
1M|f64|negrow|f64	0.56633	1.36685
1M|f64|negrow|dec	6.11193	NA
1M|f64|negrow|c128	1.056085	2.45184
1M|f64|negcol|bool	0.290855	0.415895
1M|f64|negcol|u8	0.252535	0.277685
1M|f64|negcol|i8	0.25526	0.279735
1M|f64|negcol|i16	0.347295	0.46553
1M|f64|negcol|u16	0.37533500000000003	0.472085
1M|f64|negcol|i32	0.39699	0.69533
1M|f64|negcol|u32	0.685175	0.688395
1M|f64|negcol|i64	1.476965	1.27892
1M|f64|negcol|u64	1.8062999999999998	1.37015
1M|f64|negcol|char	0.355065	0.465445
1M|f64|negcol|f16	1.4962	1.67992
1M|f64|negcol|f32	0.48305	0.71548
1M|f64|negcol|f64	0.5523	1.28016
1M|f64|negcol|dec	6.16083	NA
1M|f64|negcol|c128	1.03833	2.51529
1M|f64|strided|bool	0.17511000000000002	0.194855
1M|f64|strided|u8	0.138795	0.139715
1M|f64|strided|i8	0.13904	0.13992
1M|f64|strided|i16	0.163335	0.151135
1M|f64|strided|u16	0.15922	0.14415
1M|f64|strided|i32	0.29664999999999997	0.3548
1M|f64|strided|u32	0.41244	0.37689
1M|f64|strided|i64	0.738205	0.643535
1M|f64|strided|u64	0.898485	0.639075
1M|f64|strided|char	0.15884	0.15049
1M|f64|strided|f16	0.723475	0.73773
1M|f64|strided|f32	0.315715	0.36753
1M|f64|strided|f64	0.407165	0.665535
1M|f64|strided|dec	3.2196100000000003	NA
1M|f64|strided|c128	0.5770150000000001	1.25607
1M|f64|bcast|bool	0.14529	0.39011
1M|f64|bcast|u8	0.141235	0.256465
1M|f64|bcast|i8	0.12596000000000002	0.260135
1M|f64|bcast|i16	0.254905	0.450645
1M|f64|bcast|u16	0.249445	0.459125
1M|f64|bcast|i32	0.33055500000000004	0.691785
1M|f64|bcast|u32	0.44925499999999996	0.712215
1M|f64|bcast|i64	0.628095	1.21055
1M|f64|bcast|u64	1.449435	1.20443
1M|f64|bcast|char	0.253025	0.44834
1M|f64|bcast|f16	1.061935	1.65988
1M|f64|bcast|f32	0.33172	0.702845
1M|f64|bcast|f64	0.57039	1.44137
1M|f64|bcast|dec	5.9704999999999995	NA
1M|f64|bcast|c128	0.8849600000000001	2.40551
1M|dec|C|bool	1.03378	NA
1M|dec|C|u8	4.3332250000000005	NA
1M|dec|C|i8	4.2355350000000005	NA
1M|dec|C|i16	4.38766	NA
1M|dec|C|u16	4.374090000000001	NA
1M|dec|C|i32	4.38268	NA
1M|dec|C|u32	4.322965	NA
1M|dec|C|i64	4.68632	NA
1M|dec|C|u64	5.07254	NA
1M|dec|C|char	4.344469999999999	NA
1M|dec|C|f16	4.032775	NA
1M|dec|C|f32	2.02129	NA
1M|dec|C|f64	2.08883	NA
1M|dec|C|dec	0.59254	NA
1M|dec|C|c128	2.23057	NA
1M|dec|F|bool	0.965965	NA
1M|dec|F|u8	4.23304	NA
1M|dec|F|i8	4.239905	NA
1M|dec|F|i16	4.35325	NA
1M|dec|F|u16	4.33126	NA
1M|dec|F|i32	4.420389999999999	NA
1M|dec|F|u32	4.367245	NA
1M|dec|F|i64	4.67462	NA
1M|dec|F|u64	5.1202950000000005	NA
1M|dec|F|char	4.360965	NA
1M|dec|F|f16	4.255695	NA
1M|dec|F|f32	1.982345	NA
1M|dec|F|f64	2.10575	NA
1M|dec|F|dec	0.6327149999999999	NA
1M|dec|F|c128	2.1475999999999997	NA
1M|dec|T|bool	1.012165	NA
1M|dec|T|u8	4.24857	NA
1M|dec|T|i8	4.224515	NA
1M|dec|T|i16	4.301125	NA
1M|dec|T|u16	4.3362099999999995	NA
1M|dec|T|i32	4.43089	NA
1M|dec|T|u32	4.3144849999999995	NA
1M|dec|T|i64	4.695505	NA
1M|dec|T|u64	5.088085	NA
1M|dec|T|char	4.3242199999999995	NA
1M|dec|T|f16	4.0945599999999995	NA
1M|dec|T|f32	1.9688949999999998	NA
1M|dec|T|f64	2.08027	NA
1M|dec|T|dec	0.613645	NA
1M|dec|T|c128	2.2275	NA
1M|dec|sliced|bool	0.974855	NA
1M|dec|sliced|u8	4.20052	NA
1M|dec|sliced|i8	4.206905	NA
1M|dec|sliced|i16	4.2888150000000005	NA
1M|dec|sliced|u16	4.347835	NA
1M|dec|sliced|i32	4.401835	NA
1M|dec|sliced|u32	4.332865	NA
1M|dec|sliced|i64	4.707965	NA
1M|dec|sliced|u64	5.542095	NA
1M|dec|sliced|char	4.33363	NA
1M|dec|sliced|f16	4.075615	NA
1M|dec|sliced|f32	1.9568699999999999	NA
1M|dec|sliced|f64	2.088935	NA
1M|dec|sliced|dec	1.305005	NA
1M|dec|sliced|c128	2.53927	NA
1M|dec|negrow|bool	0.986285	NA
1M|dec|negrow|u8	4.35091	NA
1M|dec|negrow|i8	4.325225	NA
1M|dec|negrow|i16	4.46303	NA
1M|dec|negrow|u16	4.507715	NA
1M|dec|negrow|i32	4.67171	NA
1M|dec|negrow|u32	4.56014	NA
1M|dec|negrow|i64	5.0884599999999995	NA
1M|dec|negrow|u64	5.319705	NA
1M|dec|negrow|char	4.624015	NA
1M|dec|negrow|f16	4.67349	NA
1M|dec|negrow|f32	2.10445	NA
1M|dec|negrow|f64	2.1214500000000003	NA
1M|dec|negrow|dec	1.32227	NA
1M|dec|negrow|c128	2.264675	NA
1M|dec|negcol|bool	0.9928649999999999	NA
1M|dec|negcol|u8	4.39701	NA
1M|dec|negcol|i8	4.41789	NA
1M|dec|negcol|i16	4.74719	NA
1M|dec|negcol|u16	4.615965	NA
1M|dec|negcol|i32	4.634175	NA
1M|dec|negcol|u32	4.68985	NA
1M|dec|negcol|i64	4.808035	NA
1M|dec|negcol|u64	5.3139650000000005	NA
1M|dec|negcol|char	4.57064	NA
1M|dec|negcol|f16	4.19803	NA
1M|dec|negcol|f32	2.1736899999999997	NA
1M|dec|negcol|f64	2.2645150000000003	NA
1M|dec|negcol|dec	1.360925	NA
1M|dec|negcol|c128	2.289745	NA
1M|dec|strided|bool	0.64971	NA
1M|dec|strided|u8	2.191105	NA
1M|dec|strided|i8	2.257595	NA
1M|dec|strided|i16	2.23818	NA
1M|dec|strided|u16	2.278595	NA
1M|dec|strided|i32	2.4720649999999997	NA
1M|dec|strided|u32	2.325175	NA
1M|dec|strided|i64	2.483585	NA
1M|dec|strided|u64	2.67952	NA
1M|dec|strided|char	2.280175	NA
1M|dec|strided|f16	2.1639749999999998	NA
1M|dec|strided|f32	1.20601	NA
1M|dec|strided|f64	1.112035	NA
1M|dec|strided|dec	0.91712	NA
1M|dec|strided|c128	1.406465	NA
1M|dec|bcast|bool	0.9272	NA
1M|dec|bcast|u8	4.21469	NA
1M|dec|bcast|i8	4.193715	NA
1M|dec|bcast|i16	4.3012749999999995	NA
1M|dec|bcast|u16	4.37949	NA
1M|dec|bcast|i32	4.31086	NA
1M|dec|bcast|u32	4.29308	NA
1M|dec|bcast|i64	4.58879	NA
1M|dec|bcast|u64	4.962535	NA
1M|dec|bcast|char	4.243025	NA
1M|dec|bcast|f16	3.86331	NA
1M|dec|bcast|f32	1.70569	NA
1M|dec|bcast|f64	1.83002	NA
1M|dec|bcast|dec	1.016855	NA
1M|dec|bcast|c128	1.949625	NA
1M|c128|C|bool	0.41220999999999997	0.411315
1M|c128|C|u8	0.323875	0.292845
1M|c128|C|i8	0.305815	0.3281
1M|c128|C|i16	0.5035999999999999	0.49966
1M|c128|C|u16	0.5014700000000001	0.4996
1M|c128|C|i32	0.50126	0.773295
1M|c128|C|u32	0.629695	0.783025
1M|c128|C|i64	1.550325	1.34839
1M|c128|C|u64	1.72268	1.35645
1M|c128|C|char	0.44484	0.5078
1M|c128|C|f16	1.107465	1.79453
1M|c128|C|f32	0.556735	0.87984
1M|c128|C|f64	0.8664799999999999	1.58842
1M|c128|C|dec	6.1430750000000005	NA
1M|c128|C|c128	0.60243	1.99177
1M|c128|F|bool	0.4178	0.420645
1M|c128|F|u8	0.337505	0.31845
1M|c128|F|i8	0.30667	0.324915
1M|c128|F|i16	0.43536	0.552245
1M|c128|F|u16	0.48560499999999995	0.52426
1M|c128|F|i32	0.49861500000000003	0.8775
1M|c128|F|u32	0.628255	0.838435
1M|c128|F|i64	1.573235	1.46302
1M|c128|F|u64	1.753555	1.48402
1M|c128|F|char	0.45507	0.56809
1M|c128|F|f16	1.12836	1.75095
1M|c128|F|f32	0.59112	0.9298
1M|c128|F|f64	0.985835	1.65145
1M|c128|F|dec	6.179855	NA
1M|c128|F|c128	0.689295	2.12791
1M|c128|T|bool	0.399725	0.40814
1M|c128|T|u8	0.317465	0.358265
1M|c128|T|i8	0.29174500000000003	0.299295
1M|c128|T|i16	0.417785	0.50179
1M|c128|T|u16	0.426845	0.507
1M|c128|T|i32	0.469915	0.769315
1M|c128|T|u32	0.61573	0.783535
1M|c128|T|i64	1.574545	1.32459
1M|c128|T|u64	1.73463	1.41186
1M|c128|T|char	0.435955	0.532165
1M|c128|T|f16	1.12591	1.70856
1M|c128|T|f32	0.584275	0.79685
1M|c128|T|f64	0.8786149999999999	1.3594
1M|c128|T|dec	6.221705	NA
1M|c128|T|c128	0.57707	2.02998
1M|c128|sliced|bool	0.43644999999999995	0.431285
1M|c128|sliced|u8	0.29944000000000004	0.31825
1M|c128|sliced|i8	0.307295	0.29306
1M|c128|sliced|i16	0.46614000000000005	0.51688
1M|c128|sliced|u16	0.50283	0.549315
1M|c128|sliced|i32	0.49408	0.79096
1M|c128|sliced|u32	0.6356550000000001	0.804185
1M|c128|sliced|i64	1.5990600000000001	1.37812
1M|c128|sliced|u64	1.7604	1.45136
1M|c128|sliced|char	0.48479	0.48438
1M|c128|sliced|f16	1.17522	1.72442
1M|c128|sliced|f32	0.56217	0.82199
1M|c128|sliced|f64	0.8752549999999999	1.44967
1M|c128|sliced|dec	6.190885	NA
1M|c128|sliced|c128	1.383085	2.85396
1M|c128|negrow|bool	0.46982999999999997	0.472665
1M|c128|negrow|u8	0.34456000000000003	0.298675
1M|c128|negrow|i8	0.33325	0.314345
1M|c128|negrow|i16	0.46070500000000003	0.591615
1M|c128|negrow|u16	0.42377000000000004	0.513015
1M|c128|negrow|i32	0.49241999999999997	0.80096
1M|c128|negrow|u32	0.722975	0.85332
1M|c128|negrow|i64	1.689255	1.40588
1M|c128|negrow|u64	1.75385	1.38833
1M|c128|negrow|char	0.46635499999999996	0.50355
1M|c128|negrow|f16	1.2609	1.79933
1M|c128|negrow|f32	0.6533800000000001	0.858675
1M|c128|negrow|f64	0.9116	1.42766
1M|c128|negrow|dec	6.34359	NA
1M|c128|negrow|c128	1.273105	3.14294
1M|c128|negcol|bool	0.678365	0.431055
1M|c128|negcol|u8	0.335335	0.360735
1M|c128|negcol|i8	0.33052000000000004	0.38751
1M|c128|negcol|i16	0.518795	0.663905
1M|c128|negcol|u16	0.46284000000000003	0.647895
1M|c128|negcol|i32	0.541245	0.86666
1M|c128|negcol|u32	0.8120649999999999	1.01569
1M|c128|negcol|i64	1.652385	1.57505
1M|c128|negcol|u64	2.009805	1.73373
1M|c128|negcol|char	0.47749499999999995	0.52392
1M|c128|negcol|f16	1.8467949999999997	1.74701
1M|c128|negcol|f32	0.5858450000000001	0.978155
1M|c128|negcol|f64	0.9637650000000001	1.59879
1M|c128|negcol|dec	6.433555	NA
1M|c128|negcol|c128	1.725505	2.92457
1M|c128|strided|bool	0.334795	0.270185
1M|c128|strided|u8	0.2569	0.267655
1M|c128|strided|i8	0.236295	0.238955
1M|c128|strided|i16	0.303005	0.262035
1M|c128|strided|u16	0.266105	0.254595
1M|c128|strided|i32	0.42322499999999996	0.51222
1M|c128|strided|u32	0.58099	0.476605
1M|c128|strided|i64	0.7992250000000001	0.76323
1M|c128|strided|u64	0.97553	0.809735
1M|c128|strided|char	0.301165	0.269455
1M|c128|strided|f16	0.909975	0.78627
1M|c128|strided|f32	0.448325	0.569515
1M|c128|strided|f64	0.49336	0.80578
1M|c128|strided|dec	3.5290349999999995	NA
1M|c128|strided|c128	1.122825	1.43896
1M|c128|bcast|bool	0.36696	0.3911
1M|c128|bcast|u8	0.2502	0.25958
1M|c128|bcast|i8	0.24541	0.263545
1M|c128|bcast|i16	0.315455	0.446025
1M|c128|bcast|u16	0.34933000000000003	0.45466
1M|c128|bcast|i32	0.37709000000000004	0.689835
1M|c128|bcast|u32	0.49422499999999997	0.674045
1M|c128|bcast|i64	1.49557	1.24519
1M|c128|bcast|u64	1.584835	1.31934
1M|c128|bcast|char	0.317315	0.44508
1M|c128|bcast|f16	1.175755	1.67959
1M|c128|bcast|f32	0.45452000000000004	0.691875
1M|c128|bcast|f64	0.630085	1.21049
1M|c128|bcast|dec	6.002155	NA
1M|c128|bcast|c128	1.048145	2.71862
