key	ns_ms	np_ms
1M|bool|C|bool	0.023883333333333336	0.0143022
1M|bool|C|u8	0.02535	0.18342
1M|bool|C|i8	0.029066666666666668	0.183525
1M|bool|C|i16	0.0473	0.422
1M|bool|C|u16	0.05327619047619048	0.4466
1M|bool|C|i32	0.08465	0.6742
1M|bool|C|u32	0.085	0.7015
1M|bool|C|i64	0.1594	1.2258
1M|bool|C|u64	0.1623	1.2506
1M|bool|C|char	0.04991111111111111	0.4565
1M|bool|C|f16	6.6646	1.6946
1M|bool|C|f32	0.084475	0.7447
1M|bool|C|f64	0.1643	1.3183
1M|bool|C|dec	0.522	NA
1M|bool|C|c128	0.3976	2.4037
1M|bool|F|bool	0.023675	0.1075
1M|bool|F|u8	0.024128571428571426	0.4438
1M|bool|F|i8	0.027664864864864868	0.49665
1M|bool|F|i16	0.07074	0.6779
1M|bool|F|u16	0.0909	0.774
1M|bool|F|i32	0.15153333333333333	0.9679
1M|bool|F|u32	0.14586666666666667	1.0658
1M|bool|F|i64	0.3065	1.6328
1M|bool|F|u64	0.3181	1.4422
1M|bool|F|char	0.0722	0.7438
1M|bool|F|f16	10.7465	3.2798
1M|bool|F|f32	0.1476	1.0527
1M|bool|F|f64	0.3176	1.7658
1M|bool|F|dec	1.1192	NA
1M|bool|F|c128	1.0088	3.1918
1M|bool|T|bool	0.0379	0.0795875
1M|bool|T|u8	0.041007999999999996	0.41005
1M|bool|T|i8	0.04302916666666667	0.47615
1M|bool|T|i16	0.072125	0.6838
1M|bool|T|u16	0.0721	0.7469
1M|bool|T|i32	0.14866666666666667	0.9853
1M|bool|T|u32	0.1475	1.0788
1M|bool|T|i64	0.3171	1.8344
1M|bool|T|u64	0.3129	1.9183
1M|bool|T|char	0.072625	0.7764
1M|bool|T|f16	10.7418	3.2795
1M|bool|T|f32	0.1509	1.1503
1M|bool|T|f64	0.3213	1.9015
1M|bool|T|dec	1.1206	NA
1M|bool|T|c128	0.9681	3.1385
1M|bool|sliced|bool	0.0375	0.0538182
1M|bool|sliced|u8	0.4584	0.41115
1M|bool|sliced|i8	0.45825	0.4802
1M|bool|sliced|i16	0.5281	0.6782
1M|bool|sliced|u16	0.52825	0.7594
1M|bool|sliced|i32	0.5329	0.7329
1M|bool|sliced|u32	0.5325	1.0718
1M|bool|sliced|i64	0.5517	1.7463
1M|bool|sliced|u64	0.5509	1.8119
1M|bool|sliced|char	0.52825	0.7758
1M|bool|sliced|f16	10.8282	3.2671
1M|bool|sliced|f32	0.5116	1.1483
1M|bool|sliced|f64	0.5537	1.9256
1M|bool|sliced|dec	1.2676	NA
1M|bool|sliced|c128	0.939	3.4718
1M|bool|negrow|bool	0.03941666666666666	0.054785
1M|bool|negrow|u8	0.4645	0.4161
1M|bool|negrow|i8	0.46425	0.48235
1M|bool|negrow|i16	0.53505	0.7638
1M|bool|negrow|u16	0.5353	0.7787
1M|bool|negrow|i32	0.54835	1.066
1M|bool|negrow|u32	0.5493	1.0771
1M|bool|negrow|i64	0.5764	1.9257
1M|bool|negrow|u64	0.5686	1.9318
1M|bool|negrow|char	0.5367	0.7825
1M|bool|negrow|f16	10.7634	3.3048
1M|bool|negrow|f32	0.521	1.1613
1M|bool|negrow|f64	0.5518	1.9224
1M|bool|negrow|dec	1.1349	NA
1M|bool|negrow|c128	1.0617	3.5224
1M|bool|negcol|bool	0.48505	0.19185
1M|bool|negcol|u8	0.46445	0.307867
1M|bool|negcol|i8	0.46355	0.41565
1M|bool|negcol|i16	0.5349	0.7833
1M|bool|negcol|u16	0.535	0.7651
1M|bool|negcol|i32	0.5461	1.068
1M|bool|negcol|u32	0.5482	1.0575
1M|bool|negcol|i64	0.5843	1.9082
1M|bool|negcol|u64	0.5733	1.9115
1M|bool|negcol|char	0.5345	0.7601
1M|bool|negcol|f16	10.7798	3.2948
1M|bool|negcol|f32	0.5177	1.1657
1M|bool|negcol|f64	0.553	1.9412
1M|bool|negcol|dec	1.1302	NA
1M|bool|negcol|c128	1.0382	3.1528
1M|bool|strided|bool	0.2469	0.2057
1M|bool|strided|u8	0.23495	0.2057
1M|bool|strided|i8	0.234975	0.205725
1M|bool|strided|i16	0.26953333333333335	0.242275
1M|bool|strided|u16	0.2694666666666667	0.234975
1M|bool|strided|i32	0.2727	0.46425
1M|bool|strided|u32	0.27226666666666666	0.54315
1M|bool|strided|i64	0.2812	0.913
1M|bool|strided|u64	0.28035	0.9679
1M|bool|strided|char	0.26953333333333335	0.235
1M|bool|strided|f16	5.3325	1.4889
1M|bool|strided|f32	0.2644	0.51395
1M|bool|strided|f64	0.2800333333333333	0.9079
1M|bool|strided|dec	0.4869	NA
1M|bool|strided|c128	0.3247	1.7655
1M|bool|bcast|bool	1.4752	0.0490636
1M|bool|bcast|u8	1.4908	0.4129
1M|bool|bcast|i8	1.5022	0.4129
1M|bool|bcast|i16	1.8457	0.773
1M|bool|bcast|u16	1.8467	0.7572
1M|bool|bcast|i32	1.9613	1.0486
1M|bool|bcast|u32	1.9669	1.0381
1M|bool|bcast|i64	1.6302	1.8818
1M|bool|bcast|u64	1.6721	1.8907
1M|bool|bcast|char	1.8109	0.7295
1M|bool|bcast|f16	10.7732	3.2842
1M|bool|bcast|f32	1.9698	1.1433
1M|bool|bcast|f64	1.6365	1.8948
1M|bool|bcast|dec	2.5713	NA
1M|bool|bcast|c128	2.5019	3.4818
1M|u8|C|bool	0.03632222222222223	0.40975
1M|u8|C|u8	0.03861	0.0507184
1M|u8|C|i8	0.04299130434782609	0.47535
1M|u8|C|i16	0.07415	0.7033
1M|u8|C|u16	0.10116	0.7735
1M|u8|C|i32	0.159	0.9189
1M|u8|C|u32	0.15326666666666666	0.9893
1M|u8|C|i64	0.4101	1.7759
1M|u8|C|u64	0.3893	1.9335
1M|u8|C|char	0.075175	0.7737
1M|u8|C|f16	0.29663333333333336	3.1627
1M|u8|C|f32	0.50215	1.1067
1M|u8|C|f64	0.5407	1.6597
1M|u8|C|dec	1.109	NA
1M|u8|C|c128	1.0424	3.1898
1M|u8|F|bool	0.03681111111111111	0.4099
1M|u8|F|u8	0.04164615384615385	0.0296857
1M|u8|F|i8	0.042688	0.47555
1M|u8|F|i16	0.07165	0.6956
1M|u8|F|u16	0.07174	0.7712
1M|u8|F|i32	0.14845	0.9078
1M|u8|F|u32	0.1556	0.9711
1M|u8|F|i64	0.4214	1.7652
1M|u8|F|u64	0.4308	1.9331
1M|u8|F|char	0.07215	0.7731
1M|u8|F|f16	1.0852	3.1592
1M|u8|F|f32	0.50125	1.1059
1M|u8|F|f64	0.5365	1.9158
1M|u8|F|dec	0.9303	NA
1M|u8|F|c128	0.9345	3.1401
1M|u8|T|bool	0.02954	0.40985
1M|u8|T|u8	0.04148399999999999	0.0462154
1M|u8|T|i8	0.042838461538461534	0.47545
1M|u8|T|i16	0.072575	0.7457
1M|u8|T|u16	0.09066153846153847	0.7479
1M|u8|T|i32	0.14953333333333332	0.9151
1M|u8|T|u32	0.14803333333333332	0.9945
1M|u8|T|i64	0.3632	1.8018
1M|u8|T|u64	0.3924	1.6396
1M|u8|T|char	0.07343333333333334	0.7698
1M|u8|T|f16	1.0886	3.1604
1M|u8|T|f32	0.5016	1.1051
1M|u8|T|f64	0.5367	1.9281
1M|u8|T|dec	1.0081	NA
1M|u8|T|c128	1.0874	3.4865
1M|u8|sliced|bool	0.04967777777777778	0.4108
1M|u8|sliced|u8	0.03819375	0.05999
1M|u8|sliced|i8	0.0425423076923077	0.4801
1M|u8|sliced|i16	0.076275	0.7761
1M|u8|sliced|u16	0.07688333333333333	0.7463
1M|u8|sliced|i32	0.15816666666666665	0.959
1M|u8|sliced|u32	0.15623333333333334	0.9969
1M|u8|sliced|i64	0.5401	1.8598
1M|u8|sliced|u64	0.5392	1.9112
1M|u8|sliced|char	0.0757	0.7747
1M|u8|sliced|f16	1.1112	3.1535
1M|u8|sliced|f32	0.50375	1.1083
1M|u8|sliced|f64	0.5424	1.9154
1M|u8|sliced|dec	1.0428	NA
1M|u8|sliced|c128	1.0692	3.1619
1M|u8|negrow|bool	0.048822222222222225	0.4152
1M|u8|negrow|u8	0.038988888888888885	0.0608786
1M|u8|negrow|i8	0.043925	0.48215
1M|u8|negrow|i16	0.07475	0.4404
1M|u8|negrow|u16	0.074925	0.7797
1M|u8|negrow|i32	0.15006666666666665	0.9916
1M|u8|negrow|u32	0.14893333333333333	0.9967
1M|u8|negrow|i64	0.5467	1.6831
1M|u8|negrow|u64	0.542	1.6337
1M|u8|negrow|char	0.07595	0.7799
1M|u8|negrow|f16	1.1281	3.1771
1M|u8|negrow|f32	0.51395	1.1272
1M|u8|negrow|f64	0.5502	1.9165
1M|u8|negrow|dec	0.989	NA
1M|u8|negrow|c128	0.9732	3.1701
1M|u8|negcol|bool	0.4506	0.48315
1M|u8|negcol|u8	0.04889473684210527	0.4191
1M|u8|negcol|i8	0.048831818181818185	0.35645
1M|u8|negcol|i16	0.075	0.7783
1M|u8|negcol|u16	0.09838461538461538	0.7816
1M|u8|negcol|i32	0.3712	0.7247
1M|u8|negcol|u32	0.3711	0.9558
1M|u8|negcol|i64	0.3911	1.7833
1M|u8|negcol|u64	0.4006	1.6769
1M|u8|negcol|char	0.075225	0.779
1M|u8|negcol|f16	1.5422	3.1941
1M|u8|negcol|f32	0.37735	1.1227
1M|u8|negcol|f64	0.5025	1.9337
1M|u8|negcol|dec	0.981	NA
1M|u8|negcol|c128	1.0611	3.1573
1M|u8|strided|bool	0.245975	0.24045
1M|u8|strided|u8	0.03242758620689655	0.20566
1M|u8|strided|i8	0.032536842105263156	0.17655
1M|u8|strided|i16	0.042722222222222224	0.24215
1M|u8|strided|u16	0.050240909090909086	0.2422
1M|u8|strided|i32	0.187975	0.44675
1M|u8|strided|u32	0.1878	0.51195
1M|u8|strided|i64	0.1962	0.9081
1M|u8|strided|u64	0.1942	0.9575
1M|u8|strided|char	0.0431125	0.24225
1M|u8|strided|f16	0.7692	1.4309
1M|u8|strided|f32	0.237825	0.5682
1M|u8|strided|f64	0.24133333333333332	0.9481
1M|u8|strided|dec	0.3849	NA
1M|u8|strided|c128	0.3627	1.7715
1M|u8|bcast|bool	1.6372	0.47905
1M|u8|bcast|u8	1.4484	0.0552
1M|u8|bcast|i8	1.4582	0.3545
1M|u8|bcast|i16	1.8298	0.7003
1M|u8|bcast|u16	1.9588	0.7714
1M|u8|bcast|i32	2.2904	0.9066
1M|u8|bcast|u32	2.3006	0.9733
1M|u8|bcast|i64	1.6913	1.7619
1M|u8|bcast|u64	1.8098	1.8907
1M|u8|bcast|char	1.8857	0.4559
1M|u8|bcast|f16	5.319	3.164
1M|u8|bcast|f32	2.0353	1.1053
1M|u8|bcast|f64	1.6878	1.89
1M|u8|bcast|dec	2.6789	NA
1M|u8|bcast|c128	2.5711	3.1195
1M|i8|C|bool	0.03656666666666667	0.40995
1M|i8|C|u8	0.046026315789473686	0.3516
1M|i8|C|i8	0.0378	0.0473286
1M|i8|C|i16	0.074025	0.6959
1M|i8|C|u16	0.07508000000000001	0.6414
1M|i8|C|i32	0.1534	0.9046
1M|i8|C|u32	0.1579	0.973
1M|i8|C|i64	0.4356	1.6773
1M|i8|C|u64	0.47	1.9163
1M|i8|C|char	0.075625	0.6401
1M|i8|C|f16	0.2974	3.1595
1M|i8|C|f32	0.22543333333333335	1.1042
1M|i8|C|f64	0.5452	1.6126
1M|i8|C|dec	0.4911	NA
1M|i8|C|c128	0.4647	3.4708
1M|i8|F|bool	0.03844444444444444	0.4099
1M|i8|F|u8	0.026236000000000002	0.3516
1M|i8|F|i8	0.037559999999999996	0.0698857
1M|i8|F|i16	0.07455	0.7724
1M|i8|F|u16	0.09839	0.641
1M|i8|F|i32	0.14733333333333334	0.9806
1M|i8|F|u32	0.1535	0.9812
1M|i8|F|i64	0.4408	1.455
1M|i8|F|u64	0.4356	1.8846
1M|i8|F|char	0.07335	0.6361
1M|i8|F|f16	1.0881	3.1664
1M|i8|F|f32	0.503	1.1054
1M|i8|F|f64	0.5399	1.8786
1M|i8|F|dec	1.0857	NA
1M|i8|F|c128	1.1123	3.4655
1M|i8|T|bool	0.03712222222222222	0.41
1M|i8|T|u8	0.03716666666666667	0.3515
1M|i8|T|i8	0.041346153846153845	0.07332
1M|i8|T|i16	0.075125	0.7685
1M|i8|T|u16	0.09263076923076922	0.6402
1M|i8|T|i32	0.15045	0.6962
1M|i8|T|u32	0.149	0.9802
1M|i8|T|i64	0.4513	1.7708
1M|i8|T|u64	0.4726	1.7795
1M|i8|T|char	0.072875	0.6413
1M|i8|T|f16	1.0879	3.1595
1M|i8|T|f32	0.5021	1.1034
1M|i8|T|f64	0.5528	1.8269
1M|i8|T|dec	1.2143	NA
1M|i8|T|c128	1.2001	3.4284
1M|i8|sliced|bool	0.04624444444444445	0.41085
1M|i8|sliced|u8	0.043783333333333334	0.352967
1M|i8|sliced|i8	0.045200000000000004	0.052725
1M|i8|sliced|i16	0.0752	0.7202
1M|i8|sliced|u16	0.09433333333333332	0.6421
1M|i8|sliced|i32	0.1544	0.9305
1M|i8|sliced|u32	0.1507	0.9862
1M|i8|sliced|i64	0.5438	1.7937
1M|i8|sliced|u64	0.5403	1.915
1M|i8|sliced|char	0.077225	0.6429
1M|i8|sliced|f16	0.3103	3.1485
1M|i8|sliced|f32	0.50325	1.1086
1M|i8|sliced|f64	0.5407	1.9089
1M|i8|sliced|dec	0.9465	NA
1M|i8|sliced|c128	1.1042	3.1232
1M|i8|negrow|bool	0.048744444444444444	0.41545
1M|i8|negrow|u8	0.045978260869565225	0.356233
1M|i8|negrow|i8	0.043415999999999996	0.0617276
1M|i8|negrow|i16	0.0734	0.7814
1M|i8|negrow|u16	0.09826666666666667	0.6535
1M|i8|negrow|i32	0.15466666666666667	0.9952
1M|i8|negrow|u32	0.15216666666666667	0.9557
1M|i8|negrow|i64	0.5463	1.2805
1M|i8|negrow|u64	0.546	1.9094
1M|i8|negrow|char	0.078375	0.6504
1M|i8|negrow|f16	1.1317	3.1882
1M|i8|negrow|f32	0.5156	1.1303
1M|i8|negrow|f64	0.5595	1.909
1M|i8|negrow|dec	1.3011	NA
1M|i8|negrow|c128	1.1405	3.162
1M|i8|negcol|bool	0.45045	0.48315
1M|i8|negcol|u8	0.0472125	0.4825
1M|i8|negcol|i8	0.04825909090909091	0.4194
1M|i8|negcol|i16	0.075775	0.6505
1M|i8|negcol|u16	0.09845	0.7791
1M|i8|negcol|i32	0.4331	0.9901
1M|i8|negcol|u32	0.43175	1.0687
1M|i8|negcol|i64	0.4723	1.6312
1M|i8|negcol|u64	0.4663	1.9126
1M|i8|negcol|char	0.07576666666666666	0.7806
1M|i8|negcol|f16	1.5521	3.173
1M|i8|negcol|f32	0.2883	1.1237
1M|i8|negcol|f64	0.5173	1.9045
1M|i8|negcol|dec	1.2089	NA
1M|i8|negcol|c128	1.0565	3.159
1M|i8|strided|bool	0.24563333333333334	0.240475
1M|i8|strided|u8	0.03237307692307692	0.240475
1M|i8|strided|i8	0.032523333333333335	0.20566
1M|i8|strided|i16	0.043311111111111106	0.17668
1M|i8|strided|u16	0.04820555555555556	0.24225
1M|i8|strided|i32	0.21736666666666668	0.36005
1M|i8|strided|u32	0.2173	0.5473
1M|i8|strided|i64	0.22413333333333332	0.9656
1M|i8|strided|u64	0.22205	0.9671
1M|i8|strided|char	0.04214444444444445	0.2423
1M|i8|strided|f16	0.7674	1.4305
1M|i8|strided|f32	0.2402	0.56945
1M|i8|strided|f64	0.24435	0.9712
1M|i8|strided|dec	0.4167	NA
1M|i8|strided|c128	0.3565	1.7128
1M|i8|bcast|bool	1.6355	0.47895
1M|i8|bcast|u8	1.441	0.47845
1M|i8|bcast|i8	1.4399	0.05377
1M|i8|bcast|i16	1.8802	0.64385
1M|i8|bcast|u16	1.9566	0.7706
1M|i8|bcast|i32	2.1109	0.9701
1M|i8|bcast|u32	2.0195	1.0512
1M|i8|bcast|i64	1.5729	1.5633
1M|i8|bcast|u64	1.6418	1.802
1M|i8|bcast|char	1.8459	0.7706
1M|i8|bcast|f16	5.4377	1.6356
1M|i8|bcast|f32	1.9612	0.7531
1M|i8|bcast|f64	1.6515	1.7352
1M|i8|bcast|dec	3.0385	NA
1M|i8|bcast|c128	2.6746	3.4161
1M|i16|C|bool	0.057416666666666664	0.47935
1M|i16|C|u8	0.053282352941176475	0.3517
1M|i16|C|i8	0.05295294117647059	0.47945
1M|i16|C|i16	0.08326	0.3897
1M|i16|C|u16	0.0883090909090909	0.6431
1M|i16|C|i32	0.16616666666666666	1.0697
1M|i16|C|u32	0.18335	0.9584
1M|i16|C|i64	0.3734	1.8673
1M|i16|C|u64	0.3547	1.9418
1M|i16|C|char	0.08155	0.6467
1M|i16|C|f16	1.0892	3.1654
1M|i16|C|f32	0.1843	1.0513
1M|i16|C|f64	0.5626	1.726
1M|i16|C|dec	1.387	NA
1M|i16|C|c128	1.3371	3.2386
1M|i16|F|bool	0.05876666666666667	0.47935
1M|i16|F|u8	0.05312941176470588	0.351567
1M|i16|F|i8	0.05404210526315789	0.4794
1M|i16|F|i16	0.08675454545454546	0.314533
1M|i16|F|u16	0.08689090909090909	0.64315
1M|i16|F|i32	0.16820000000000002	0.9999
1M|i16|F|u32	0.1686	0.9691
1M|i16|F|i64	0.3768	1.8191
1M|i16|F|u64	0.365	1.9105
1M|i16|F|char	0.0881090909090909	0.644
1M|i16|F|f16	1.0896	3.161
1M|i16|F|f32	0.16949999999999998	1.1126
1M|i16|F|f64	0.5538	1.9263
1M|i16|F|dec	1.3209	NA
1M|i16|F|c128	1.0481	3.1161
1M|i16|T|bool	0.057	0.47945
1M|i16|T|u8	0.0523952380952381	0.351667
1M|i16|T|i8	0.0502	0.4796
1M|i16|T|i16	0.083	0.325367
1M|i16|T|u16	0.0868090909090909	0.64575
1M|i16|T|i32	0.16956666666666667	0.9915
1M|i16|T|u32	0.16949999999999998	1.0102
1M|i16|T|i64	0.3178	1.8034
1M|i16|T|u64	0.3741	1.9008
1M|i16|T|char	0.08934166666666667	0.646
1M|i16|T|f16	1.0858	3.1646
1M|i16|T|f32	0.1651	1.1093
1M|i16|T|f64	0.5415	1.9296
1M|i16|T|dec	0.9957	NA
1M|i16|T|c128	1.1391	3.1892
1M|i16|sliced|bool	0.0608625	0.48385
1M|i16|sliced|u8	0.05655555555555555	0.353167
1M|i16|sliced|i8	0.04179	0.48495
1M|i16|sliced|i16	0.098	0.427
1M|i16|sliced|u16	0.08420000000000001	0.6432
1M|i16|sliced|i32	0.16543333333333335	1.0139
1M|i16|sliced|u32	0.1823	0.9735
1M|i16|sliced|i64	0.3625	1.7388
1M|i16|sliced|u64	0.3639	1.9402
1M|i16|sliced|char	0.05978571428571428	0.6414
1M|i16|sliced|f16	1.117	3.1607
1M|i16|sliced|f32	0.18089999999999998	1.1194
1M|i16|sliced|f64	0.4861	1.803
1M|i16|sliced|dec	1.2682	NA
1M|i16|sliced|c128	1.1513	3.1888
1M|i16|negrow|bool	0.06542	0.4859
1M|i16|negrow|u8	0.048785714285714286	0.356833
1M|i16|negrow|i8	0.047641666666666665	0.487
1M|i16|negrow|i16	0.084725	0.4655
1M|i16|negrow|u16	0.08552	0.6602
1M|i16|negrow|i32	0.18145	1.0092
1M|i16|negrow|u32	0.1761	1.0209
1M|i16|negrow|i64	0.4073	1.8411
1M|i16|negrow|u64	0.1893	1.908
1M|i16|negrow|char	0.085	0.6622
1M|i16|negrow|f16	0.3241	3.111
1M|i16|negrow|f32	0.1793	1.067
1M|i16|negrow|f64	0.4959	1.7852
1M|i16|negrow|dec	1.0853	NA
1M|i16|negrow|c128	0.9209	3.4417
1M|i16|negcol|bool	0.10945	0.4161
1M|i16|negcol|u8	0.04809	0.48715
1M|i16|negcol|i8	0.09814500000000001	0.35705
1M|i16|negcol|i16	0.079325	0.7682
1M|i16|negcol|u16	0.0849	0.7856
1M|i16|negcol|i32	0.43165	1.0709
1M|i16|negcol|u32	0.43195	1.0708
1M|i16|negcol|i64	0.4456	1.8166
1M|i16|negcol|u64	0.4478	1.934
1M|i16|negcol|char	0.078075	0.7844
1M|i16|negcol|f16	1.4906	3.1965
1M|i16|negcol|f32	0.49165	1.1483
1M|i16|negcol|f64	0.5096	1.9476
1M|i16|negcol|dec	1.025	NA
1M|i16|negcol|c128	1.0006	3.1699
1M|i16|strided|bool	0.07066666666666667	0.20578
1M|i16|strided|u8	0.06343333333333333	0.2441
1M|i16|strided|i8	0.0633125	0.1766
1M|i16|strided|i16	0.046439999999999995	0.24595
1M|i16|strided|u16	0.04634615384615385	0.246275
1M|i16|strided|i32	0.217	0.51445
1M|i16|strided|u32	0.21686	0.5527
1M|i16|strided|i64	0.2213	0.7371
1M|i16|strided|u64	0.2209	0.9941
1M|i16|strided|char	0.04643333333333333	0.246133
1M|i16|strided|f16	0.7444	1.431
1M|i16|strided|f32	0.2413	0.5728
1M|i16|strided|f64	0.24515	0.9847
1M|i16|strided|dec	0.4061	NA
1M|i16|strided|c128	0.3383	1.7512
1M|i16|bcast|bool	1.537	0.41265
1M|i16|bcast|u8	1.5273	0.4791
1M|i16|bcast|i8	1.5369	0.354633
1M|i16|bcast|i16	1.7409	0.4958
1M|i16|bcast|u16	1.7366	0.7722
1M|i16|bcast|i32	1.8598	1.0024
1M|i16|bcast|u32	1.8419	1.0561
1M|i16|bcast|i64	1.5819	1.8498
1M|i16|bcast|u64	1.5689	1.8541
1M|i16|bcast|char	1.7683	0.7736
1M|i16|bcast|f16	5.4727	3.1636
1M|i16|bcast|f32	1.8312	1.0999
1M|i16|bcast|f64	1.6165	1.8374
1M|i16|bcast|dec	2.4076	NA
1M|i16|bcast|c128	2.5618	3.2597
1M|u16|C|bool	0.05714444444444444	0.4794
1M|u16|C|u8	0.051038095238095244	0.4795
1M|u16|C|i8	0.049800000000000004	0.4794
1M|u16|C|i16	0.087375	0.64515
1M|u16|C|u16	0.0859	0.38985
1M|u16|C|i32	0.16313333333333332	0.9269
1M|u16|C|u32	0.16269999999999998	0.992
1M|u16|C|i64	0.32	1.6062
1M|u16|C|u64	0.3187	1.7851
1M|u16|C|char	0.076875	0.3888
1M|u16|C|f16	1.0891	3.1651
1M|u16|C|f32	0.16256666666666666	1.1106
1M|u16|C|f64	0.5409	1.8249
1M|u16|C|dec	0.8888	NA
1M|u16|C|c128	0.8999	3.2298
1M|u16|F|bool	0.0571	0.4795
1M|u16|F|u8	0.04527	0.47945
1M|u16|F|i8	0.05033636363636363	0.47945
1M|u16|F|i16	0.08341666666666665	0.57095
1M|u16|F|u16	0.0828	0.388
1M|u16|F|i32	0.16219999999999998	0.9192
1M|u16|F|u32	0.16103333333333333	0.9933
1M|u16|F|i64	0.332	1.7408
1M|u16|F|u64	0.3298	1.8803
1M|u16|F|char	0.08727499999999999	0.38775
1M|u16|F|f16	1.0893	3.1691
1M|u16|F|f32	0.16183333333333333	1.1121
1M|u16|F|f64	0.5405	1.9146
1M|u16|F|dec	0.8646	NA
1M|u16|F|c128	0.8803	3.1433
1M|u16|T|bool	0.0569875	0.4794
1M|u16|T|u8	0.0454	0.4795
1M|u16|T|i8	0.045224999999999994	0.47945
1M|u16|T|i16	0.08849090909090909	0.5678
1M|u16|T|u16	0.07826	0.38795
1M|u16|T|i32	0.16596666666666668	0.9437
1M|u16|T|u32	0.16186666666666666	0.9962
1M|u16|T|i64	0.3188	1.6371
1M|u16|T|u64	0.3286	1.8025
1M|u16|T|char	0.090125	0.3909
1M|u16|T|f16	1.0895	3.1678
1M|u16|T|f32	0.16623333333333332	1.1207
1M|u16|T|f64	0.5428	1.8574
1M|u16|T|dec	1.0441	NA
1M|u16|T|c128	0.9829	3.1293
1M|u16|sliced|bool	0.06058888888888889	0.484
1M|u16|sliced|u8	0.05440526315789474	0.4848
1M|u16|sliced|i8	0.054535	0.4841
1M|u16|sliced|i16	0.081425	0.5675
1M|u16|sliced|u16	0.08074	0.50315
1M|u16|sliced|i32	0.16726666666666667	0.9336
1M|u16|sliced|u32	0.16706666666666667	1.0066
1M|u16|sliced|i64	0.3239	1.7715
1M|u16|sliced|u64	0.3295	1.9354
1M|u16|sliced|char	0.08259999999999999	0.50215
1M|u16|sliced|f16	1.115	3.171
1M|u16|sliced|f32	0.1687	1.1169
1M|u16|sliced|f64	0.4204	1.9418
1M|u16|sliced|dec	0.9092	NA
1M|u16|sliced|c128	0.9364	3.1387
1M|u16|negrow|bool	0.06495555555555556	0.4861
1M|u16|negrow|u8	0.05228000000000001	0.4866
1M|u16|negrow|i8	0.051785000000000005	0.48585
1M|u16|negrow|i16	0.0815	0.58915
1M|u16|negrow|u16	0.08102000000000001	0.50645
1M|u16|negrow|i32	0.168	0.9425
1M|u16|negrow|u32	0.1679	1.0053
1M|u16|negrow|i64	0.3284	1.6145
1M|u16|negrow|u64	0.3268	1.7739
1M|u16|negrow|char	0.08055	0.508
1M|u16|negrow|f16	1.132	3.1864
1M|u16|negrow|f32	0.1687	1.1352
1M|u16|negrow|f64	0.4472	1.7828
1M|u16|negrow|dec	0.9287	NA
1M|u16|negrow|c128	0.9771	3.4687
1M|u16|negcol|bool	0.10805	0.41605
1M|u16|negcol|u8	0.0938875	0.48605
1M|u16|negcol|i8	0.09348999999999999	0.4871
1M|u16|negcol|i16	0.0783	0.6603
1M|u16|negcol|u16	0.0822875	0.7864
1M|u16|negcol|i32	0.37365	1.0778
1M|u16|negcol|u32	0.37345	1.0789
1M|u16|negcol|i64	0.3992	1.8198
1M|u16|negcol|u64	0.3932	1.9302
1M|u16|negcol|char	0.0803	0.786
1M|u16|negcol|f16	1.489	1.6542
1M|u16|negcol|f32	0.4872	1.0757
1M|u16|negcol|f64	0.4993	1.7943
1M|u16|negcol|dec	0.9837	NA
1M|u16|negcol|c128	0.9619	3.124
1M|u16|strided|bool	0.07040769230769231	0.2058
1M|u16|strided|u8	0.06362	0.2442
1M|u16|strided|i8	0.06334	0.2442
1M|u16|strided|i16	0.046122222222222224	0.17675
1M|u16|strided|u16	0.04595	0.246175
1M|u16|strided|i32	0.1866	0.5537
1M|u16|strided|u32	0.18653333333333333	0.5469
1M|u16|strided|i64	0.19516666666666668	0.9311
1M|u16|strided|u64	0.1931	0.9906
1M|u16|strided|char	0.04627777777777778	0.246075
1M|u16|strided|f16	0.7449	1.4306
1M|u16|strided|f32	0.23825	0.5457
1M|u16|strided|f64	0.24133333333333332	0.9664
1M|u16|strided|dec	0.3514	NA
1M|u16|strided|c128	0.3431	1.6836
1M|u16|bcast|bool	1.5388	0.4126
1M|u16|bcast|u8	1.5332	0.47855
1M|u16|bcast|i8	1.5314	0.47955
1M|u16|bcast|i16	1.7447	0.64185
1M|u16|bcast|u16	1.7483	0.50065
1M|u16|bcast|i32	0.818	0.9836
1M|u16|bcast|u32	1.923	1.0583
1M|u16|bcast|i64	1.6073	1.6008
1M|u16|bcast|u64	1.5844	1.799
1M|u16|bcast|char	1.7475	0.49915
1M|u16|bcast|f16	5.3203	3.1084
1M|u16|bcast|f32	1.8861	1.0272
1M|u16|bcast|f64	1.605	1.6388
1M|u16|bcast|dec	2.1403	NA
1M|u16|bcast|c128	2.4401	3.106
1M|i32|C|bool	0.15016666666666667	0.184025
1M|i32|C|u8	0.3609	0.353267
1M|i32|C|i8	0.4019	0.353233
1M|i32|C|i16	0.13725	0.6488
1M|i32|C|u16	0.13799999999999998	0.4137
1M|i32|C|i32	0.17314000000000002	0.6725
1M|i32|C|u32	0.16979999999999998	1.0225
1M|i32|C|i64	0.3749	1.635
1M|i32|C|u64	0.4125	1.6528
1M|i32|C|char	0.14546666666666666	0.7893
1M|i32|C|f16	1.0169	3.1045
1M|i32|C|f32	0.35565	1.0344
1M|i32|C|f64	0.3836	1.6358
1M|i32|C|dec	1.1246	NA
1M|i32|C|c128	1.0464	3.2153
1M|i32|F|bool	0.1535	0.503
1M|i32|F|u8	0.1283	0.353433
1M|i32|F|i8	0.39435	0.3535
1M|i32|F|i16	0.1362	0.6584
1M|i32|F|u16	0.13605	0.8025
1M|i32|F|i32	0.17865999999999999	0.7059
1M|i32|F|u32	0.169775	1.0108
1M|i32|F|i64	0.4048	1.655
1M|i32|F|u64	0.3966	1.5385
1M|i32|F|char	0.13916666666666666	0.7239
1M|i32|F|f16	1.0167	3.1167
1M|i32|F|f32	0.3542	0.8695
1M|i32|F|f64	0.3917	1.6564
1M|i32|F|dec	1.6547	NA
1M|i32|F|c128	1.3974	3.1886
1M|i32|T|bool	0.15126	0.49175
1M|i32|T|u8	0.34225	0.35355
1M|i32|T|i8	0.3945	0.3534
1M|i32|T|i16	0.137825	0.5725
1M|i32|T|u16	0.1364	0.7811
1M|i32|T|i32	0.17726	0.6699
1M|i32|T|u32	0.1703	1.0161
1M|i32|T|i64	0.3942	1.616
1M|i32|T|u64	0.3794	1.5343
1M|i32|T|char	0.13906666666666667	0.79
1M|i32|T|f16	1.0167	3.1066
1M|i32|T|f32	0.35405	1.0322
1M|i32|T|f64	0.3848	1.6466
1M|i32|T|dec	1.1236	NA
1M|i32|T|c128	1.043	3.4491
1M|i32|sliced|bool	0.166	0.49875
1M|i32|sliced|u8	0.1164625	0.35505
1M|i32|sliced|i8	0.11541666666666667	0.3551
1M|i32|sliced|i16	0.142475	0.6516
1M|i32|sliced|u16	0.14307142857142857	0.7901
1M|i32|sliced|i32	0.2228	1.0173
1M|i32|sliced|u32	0.22255	1.0275
1M|i32|sliced|i64	0.3995	1.9403
1M|i32|sliced|u64	0.3901	1.9431
1M|i32|sliced|char	0.1474	0.7918
1M|i32|sliced|f16	1.0402	3.0903
1M|i32|sliced|f32	0.51905	1.0355
1M|i32|sliced|f64	0.3958	1.8079
1M|i32|sliced|dec	1.1235	NA
1M|i32|sliced|c128	1.1545	3.2107
1M|i32|negrow|bool	0.17678	0.5035
1M|i32|negrow|u8	0.1285	0.3694
1M|i32|negrow|i8	0.12826666666666667	0.3697
1M|i32|negrow|i16	0.1527	0.6051
1M|i32|negrow|u16	0.143575	0.7978
1M|i32|negrow|i32	0.22430000000000003	0.9276
1M|i32|negrow|u32	0.21930000000000002	1.0349
1M|i32|negrow|i64	0.424	1.6525
1M|i32|negrow|u64	0.4033	1.6297
1M|i32|negrow|char	0.142825	0.7988
1M|i32|negrow|f16	1.0729	3.1321
1M|i32|negrow|f32	0.52185	1.0401
1M|i32|negrow|f64	0.4247	1.6682
1M|i32|negrow|dec	1.2699	NA
1M|i32|negrow|c128	1.0344	3.2464
1M|i32|negcol|bool	0.9059	0.4301
1M|i32|negcol|u8	0.9033	0.49885
1M|i32|negcol|i8	0.9042	0.4992
1M|i32|negcol|i16	0.914	0.7919
1M|i32|negcol|u16	0.9132	0.673
1M|i32|negcol|i32	0.5249	1.0125
1M|i32|negcol|u32	0.5241	1.0977
1M|i32|negcol|i64	0.4766	1.6102
1M|i32|negcol|u64	0.5136	1.6366
1M|i32|negcol|char	0.9126	0.6691
1M|i32|negcol|f16	1.4228	3.1365
1M|i32|negcol|f32	0.4316	1.104
1M|i32|negcol|f64	0.5661	1.6806
1M|i32|negcol|dec	1.1367	NA
1M|i32|negcol|c128	1.1091	3.3689
1M|i32|strided|bool	0.452	0.20732
1M|i32|strided|u8	0.45615	0.253825
1M|i32|strided|i8	0.4562	0.253675
1M|i32|strided|i16	0.4547	0.257667
1M|i32|strided|u16	0.45465	0.17826
1M|i32|strided|i32	0.2701	0.48405
1M|i32|strided|u32	0.2700666666666667	0.5781
1M|i32|strided|i64	0.24305	0.9525
1M|i32|strided|u64	0.2415	1.0226
1M|i32|strided|char	0.45475	0.17845
1M|i32|strided|f16	0.7057	1.4065
1M|i32|strided|f32	0.2126	0.51535
1M|i32|strided|f64	0.29175	0.9575
1M|i32|strided|dec	0.4481	NA
1M|i32|strided|c128	0.4077	1.6197
1M|i32|bcast|bool	1.6294	0.4127
1M|i32|bcast|u8	1.5977	0.47935
1M|i32|bcast|i8	1.5917	0.47965
1M|i32|bcast|i16	1.8264	0.4642
1M|i32|bcast|u16	1.8099	0.64195
1M|i32|bcast|i32	1.9986	0.9639
1M|i32|bcast|u32	2.012	1.0534
1M|i32|bcast|i64	1.5821	1.4768
1M|i32|bcast|u64	1.5916	1.6121
1M|i32|bcast|char	1.8489	0.6449
1M|i32|bcast|f16	4.9619	3.1064
1M|i32|bcast|f32	2.0078	1.0553
1M|i32|bcast|f64	1.5809	1.6037
1M|i32|bcast|dec	2.2352	NA
1M|i32|bcast|c128	2.3624	3.0653
1M|u32|C|bool	0.08316666666666667	0.50275
1M|u32|C|u8	0.34195	0.5028
1M|u32|C|i8	0.39425	0.3537
1M|u32|C|i16	0.137125	0.65155
1M|u32|C|u16	0.1352	0.799
1M|u32|C|i32	0.169675	1.0989
1M|u32|C|u32	0.16693333333333335	0.7531
1M|u32|C|i64	0.4207	1.8376
1M|u32|C|u64	0.3757	1.8438
1M|u32|C|char	0.1389	0.7964
1M|u32|C|f16	1.1537	3.1676
1M|u32|C|f32	0.5163	1.0975
1M|u32|C|f64	0.5572	1.7184
1M|u32|C|dec	1.0954	NA
1M|u32|C|c128	1.0258	3.4796
1M|u32|F|bool	0.15043333333333334	0.5017
1M|u32|F|u8	0.34205	0.50155
1M|u32|F|i8	0.39425	0.353367
1M|u32|F|i16	0.136175	0.6577
1M|u32|F|u16	0.1346	0.8038
1M|u32|F|i32	0.169975	1.0889
1M|u32|F|u32	0.16826666666666668	0.7534
1M|u32|F|i64	0.196	1.7348
1M|u32|F|u64	0.1957	1.7627
1M|u32|F|char	0.13715	0.8042
1M|u32|F|f16	1.1538	3.1692
1M|u32|F|f32	0.51465	1.1028
1M|u32|F|f64	0.5524	1.8904
1M|u32|F|dec	1.1496	NA
1M|u32|F|c128	1.0251	3.1973
1M|u32|T|bool	0.14996666666666666	0.4924
1M|u32|T|u8	0.3486	0.4919
1M|u32|T|i8	0.39465	0.353433
1M|u32|T|i16	0.13620000000000002	0.58315
1M|u32|T|u16	0.13485714285714284	0.7886
1M|u32|T|i32	0.1683	1.0172
1M|u32|T|u32	0.168275	0.6042
1M|u32|T|i64	0.3665	1.6289
1M|u32|T|u64	0.3788	1.8073
1M|u32|T|char	0.13553333333333334	0.7904
1M|u32|T|f16	1.153	3.1619
1M|u32|T|f32	0.5157	1.103
1M|u32|T|f64	0.5691	1.8355
1M|u32|T|dec	1.1451	NA
1M|u32|T|c128	1.0333	2.9113
1M|u32|sliced|bool	0.15758333333333333	0.49585
1M|u32|sliced|u8	0.1174375	0.49595
1M|u32|sliced|i8	0.11694285714285714	0.3549
1M|u32|sliced|i16	0.140925	0.6397
1M|u32|sliced|u16	0.141075	0.7916
1M|u32|sliced|i32	0.2213	1.0498
1M|u32|sliced|u32	0.2161	0.9823
1M|u32|sliced|i64	0.3895	1.7962
1M|u32|sliced|u64	0.3831	1.9854
1M|u32|sliced|char	0.142875	0.7922
1M|u32|sliced|f16	1.1806	3.1594
1M|u32|sliced|f32	0.4143	1.1044
1M|u32|sliced|f64	0.4457	1.9614
1M|u32|sliced|dec	1.0236	NA
1M|u32|sliced|c128	1.0017	3.2781
1M|u32|negrow|bool	0.17656	0.5026
1M|u32|negrow|u8	0.1270375	0.4991
1M|u32|negrow|i8	0.12658333333333333	0.3711
1M|u32|negrow|i16	0.144575	0.606
1M|u32|negrow|u16	0.14275	0.8
1M|u32|negrow|i32	0.2301	1.0351
1M|u32|negrow|u32	0.22463333333333335	0.9821
1M|u32|negrow|i64	0.2042	1.6966
1M|u32|negrow|u64	0.3895	1.8564
1M|u32|negrow|char	0.146725	0.7998
1M|u32|negrow|f16	1.2069	3.1201
1M|u32|negrow|f32	0.4349	1.0601
1M|u32|negrow|f64	0.4835	1.8031
1M|u32|negrow|dec	1.1618	NA
1M|u32|negrow|c128	1.0656	3.2955
1M|u32|negcol|bool	0.906	0.43105
1M|u32|negcol|u8	0.9033	0.371
1M|u32|negcol|i8	0.9037	0.49805
1M|u32|negcol|i16	0.9133	0.6722
1M|u32|negcol|u16	0.9126	0.7937
1M|u32|negcol|i32	0.5235	1.0051
1M|u32|negcol|u32	0.5223	1.06
1M|u32|negcol|i64	0.4394	1.8232
1M|u32|negcol|u64	0.4266	1.9691
1M|u32|negcol|char	0.9134	0.7977
1M|u32|negcol|f16	1.5592	1.8977
1M|u32|negcol|f32	0.49165	1.1025
1M|u32|negcol|f64	0.5241	1.9803
1M|u32|negcol|dec	1.0627	NA
1M|u32|negcol|c128	1.0647	3.2897
1M|u32|strided|bool	0.4522	0.20694
1M|u32|strided|u8	0.45605	0.177675
1M|u32|strided|i8	0.4562	0.25365
1M|u32|strided|i16	0.4547	0.1784
1M|u32|strided|u16	0.4545	0.257833
1M|u32|strided|i32	0.26996666666666663	0.5606
1M|u32|strided|u32	0.27015	0.5642
1M|u32|strided|i64	0.2331	0.9586
1M|u32|strided|u64	0.2248	1.0133
1M|u32|strided|char	0.45465	0.25795
1M|u32|strided|f16	0.7787	1.4336
1M|u32|strided|f32	0.23923333333333333	0.588
1M|u32|strided|f64	0.14535	1.0228
1M|u32|strided|dec	0.4051	NA
1M|u32|strided|c128	0.3948	1.7949
1M|u32|bcast|bool	1.6228	0.4127
1M|u32|bcast|u8	1.5795	0.354767
1M|u32|bcast|i8	1.6001	0.47865
1M|u32|bcast|i16	1.8348	0.64
1M|u32|bcast|u16	1.7994	0.7707
1M|u32|bcast|i32	1.9871	0.9688
1M|u32|bcast|u32	1.9056	0.9637
1M|u32|bcast|i64	1.5544	1.7748
1M|u32|bcast|u64	1.5731	1.8903
1M|u32|bcast|char	1.8162	0.7696
1M|u32|bcast|f16	5.3241	3.1597
1M|u32|bcast|f32	2.2449	1.0002
1M|u32|bcast|f64	1.6756	1.6031
1M|u32|bcast|dec	2.5141	NA
1M|u32|bcast|c128	2.2783	3.1912
1M|i64|C|bool	0.34845	0.4156
1M|i64|C|u8	0.36265	0.5096
1M|i64|C|i8	0.42165	0.3577
1M|i64|C|i16	0.18385	0.7282
1M|i64|C|u16	0.18415	0.6782
1M|i64|C|i32	0.30805	1.0164
1M|i64|C|u32	0.3056	1.1217
1M|i64|C|i64	0.3831	1.2857
1M|i64|C|u64	0.38495	1.8123
1M|i64|C|char	0.2671	0.6774
1M|i64|C|f16	2.1195	3.1086
1M|i64|C|f32	0.38955	1.1089
1M|i64|C|f64	0.5408	1.8144
1M|i64|C|dec	1.3681	NA
1M|i64|C|c128	1.413	3.5444
1M|i64|F|bool	0.3497666666666666	0.41595
1M|i64|F|u8	0.38515	0.5345
1M|i64|F|i8	0.4017	0.3582
1M|i64|F|i16	0.4049	0.7547
1M|i64|F|u16	0.3705333333333333	0.6788
1M|i64|F|i32	0.32295	1.0383
1M|i64|F|u32	0.3138	1.1403
1M|i64|F|i64	0.38275	1.2384
1M|i64|F|u64	0.39763333333333334	1.7529
1M|i64|F|char	0.26186666666666664	0.6742
1M|i64|F|f16	2.12	3.1057
1M|i64|F|f32	0.3945	1.1146
1M|i64|F|f64	0.5273	1.907
1M|i64|F|dec	1.3902	NA
1M|i64|F|c128	1.3265	3.6019
1M|i64|T|bool	0.3471	0.4156
1M|i64|T|u8	0.3575	0.5098
1M|i64|T|i8	0.4088	0.3575
1M|i64|T|i16	0.4038	0.8053
1M|i64|T|u16	0.3651333333333333	0.6772
1M|i64|T|i32	0.3129	1.0925
1M|i64|T|u32	0.30405	1.1323
1M|i64|T|i64	0.38345	1.2286
1M|i64|T|u64	0.382	1.8278
1M|i64|T|char	0.2643666666666667	0.6781
1M|i64|T|f16	2.1198	3.1117
1M|i64|T|f32	0.3961	1.1101
1M|i64|T|f64	0.5559	1.8132
1M|i64|T|dec	1.3827	NA
1M|i64|T|c128	1.4226	3.3702
1M|i64|sliced|bool	0.3674	0.41805
1M|i64|sliced|u8	0.2935	0.51535
1M|i64|sliced|i8	0.29473333333333335	0.35945
1M|i64|sliced|i16	0.2717333333333333	0.7459
1M|i64|sliced|u16	0.2749	0.6793
1M|i64|sliced|i32	0.32455	1.0214
1M|i64|sliced|u32	0.3267	1.135
1M|i64|sliced|i64	0.5301	1.8313
1M|i64|sliced|u64	0.5424	2.0123
1M|i64|sliced|char	0.2742	0.6774
1M|i64|sliced|f16	2.1367	3.0941
1M|i64|sliced|f32	0.54015	1.1176
1M|i64|sliced|f64	0.631	1.9938
1M|i64|sliced|dec	1.3535	NA
1M|i64|sliced|c128	1.3508	3.6323
1M|i64|negrow|bool	0.3829	0.4417
1M|i64|negrow|u8	0.3074	0.5206
1M|i64|negrow|i8	0.3073	0.38165
1M|i64|negrow|i16	0.28013333333333335	0.815
1M|i64|negrow|u16	0.2800333333333333	0.6944
1M|i64|negrow|i32	0.31625	1.0908
1M|i64|negrow|u32	0.32565	1.1387
1M|i64|negrow|i64	0.5504	1.8008
1M|i64|negrow|u64	0.5345	1.8175
1M|i64|negrow|char	0.28855	0.6502
1M|i64|negrow|f16	2.1706	3.1387
1M|i64|negrow|f32	0.549	1.0401
1M|i64|negrow|f64	0.6391	1.7048
1M|i64|negrow|dec	1.4935	NA
1M|i64|negrow|c128	1.4023	3.6814
1M|i64|negcol|bool	1.3538	0.54345
1M|i64|negcol|u8	1.3248	0.51985
1M|i64|negcol|i8	1.3242	0.22775
1M|i64|negcol|i16	1.3528	0.8098
1M|i64|negcol|u16	1.3521	0.6973
1M|i64|negcol|i32	1.358	1.1101
1M|i64|negcol|u32	1.3577	1.1396
1M|i64|negcol|i64	0.628	1.8049
1M|i64|negcol|u64	0.6281	1.8023
1M|i64|negcol|char	1.353	0.6953
1M|i64|negcol|f16	2.5276	3.1449
1M|i64|negcol|f32	0.45595	1.1513
1M|i64|negcol|f64	0.5885	1.805
1M|i64|negcol|dec	1.5698	NA
1M|i64|negcol|c128	1.3674	3.3981
1M|i64|strided|bool	0.6733	0.274333
1M|i64|strided|u8	0.6637	0.272433
1M|i64|strided|i8	0.6633	0.2723
1M|i64|strided|i16	0.6776	0.2762
1M|i64|strided|u16	0.6775	0.12158
1M|i64|strided|i32	0.6766	0.6128
1M|i64|strided|u32	0.6766	0.6195
1M|i64|strided|i64	0.34845	1.0275
1M|i64|strided|u64	0.34895	1.0444
1M|i64|strided|char	0.6776	0.210725
1M|i64|strided|f16	1.2818	1.4064
1M|i64|strided|f32	0.27666666666666667	0.6248
1M|i64|strided|f64	0.3371	1.0683
1M|i64|strided|dec	0.5625	NA
1M|i64|strided|c128	0.5583	1.8013
1M|i64|bcast|bool	1.6384	0.4791
1M|i64|bcast|u8	1.8487	0.47945
1M|i64|bcast|i8	1.8562	0.47935
1M|i64|bcast|i16	2.1529	0.7695
1M|i64|bcast|u16	2.1476	0.641
1M|i64|bcast|i32	2.0548	0.9662
1M|i64|bcast|u32	2.0245	1.0494
1M|i64|bcast|i64	1.6073	1.6716
1M|i64|bcast|u64	1.6334	1.6732
1M|i64|bcast|char	2.1636	0.6393
1M|i64|bcast|f16	5.6662	3.1089
1M|i64|bcast|f32	2.2868	0.7608
1M|i64|bcast|f64	1.6045	1.6366
1M|i64|bcast|dec	2.3624	NA
1M|i64|bcast|c128	2.2272	3.1075
1M|u64|C|bool	0.3492	0.4156
1M|u64|C|u8	0.3552	0.35805
1M|u64|C|i8	0.4033	0.53215
1M|u64|C|i16	0.41165	0.6787
1M|u64|C|u16	0.36785	0.6793
1M|u64|C|i32	0.31975	1.0597
1M|u64|C|u32	0.31645	1.0803
1M|u64|C|i64	0.3844	1.8992
1M|u64|C|u64	0.3704	1.5027
1M|u64|C|char	0.26689999999999997	0.68
1M|u64|C|f16	1.8591	3.4099
1M|u64|C|f32	0.9371	1.5633
1M|u64|C|f64	0.954	2.0201
1M|u64|C|dec	1.4059	NA
1M|u64|C|c128	1.5227	3.3507
1M|u64|F|bool	0.35076666666666667	0.4158
1M|u64|F|u8	0.3487	0.35815
1M|u64|F|i8	0.4083	0.53495
1M|u64|F|i16	0.41855	0.6698
1M|u64|F|u16	0.3616	0.6738
1M|u64|F|i32	0.32075	1.0769
1M|u64|F|u32	0.31595	1.0918
1M|u64|F|i64	0.3829	1.8123
1M|u64|F|u64	0.3599	1.3646
1M|u64|F|char	0.26076666666666665	0.6838
1M|u64|F|f16	1.8641	3.4116
1M|u64|F|f32	0.9376	1.5627
1M|u64|F|f64	0.9576	2.032
1M|u64|F|dec	0.952	NA
1M|u64|F|c128	0.5798	3.3196
1M|u64|T|bool	0.3529	0.41575
1M|u64|T|u8	0.34815	0.3583
1M|u64|T|i8	0.40305	0.5098
1M|u64|T|i16	0.4212	0.675
1M|u64|T|u16	0.3614	0.68
1M|u64|T|i32	0.31625	1.1042
1M|u64|T|u32	0.3187	1.103
1M|u64|T|i64	0.3843	1.9849
1M|u64|T|u64	0.39903333333333335	1.4498
1M|u64|T|char	0.26313333333333333	0.6784
1M|u64|T|f16	1.8642	3.409
1M|u64|T|f32	0.9367	1.5578
1M|u64|T|f64	0.9668	2.0325
1M|u64|T|dec	1.502	NA
1M|u64|T|c128	1.5241	3.3586
1M|u64|sliced|bool	0.36395	0.4184
1M|u64|sliced|u8	0.2964333333333333	0.3596
1M|u64|sliced|i8	0.2949	0.51475
1M|u64|sliced|i16	0.27599999999999997	0.6205
1M|u64|sliced|u16	0.2758	0.682
1M|u64|sliced|i32	0.3378	1.0571
1M|u64|sliced|u32	0.32645	1.0946
1M|u64|sliced|i64	0.4783	1.8624
1M|u64|sliced|u64	0.4796	1.8926
1M|u64|sliced|char	0.2798333333333333	0.6802
1M|u64|sliced|f16	1.905	3.3983
1M|u64|sliced|f32	1.0085	1.5624
1M|u64|sliced|f64	1.0495	2.0377
1M|u64|sliced|dec	1.3642	NA
1M|u64|sliced|c128	1.4738	3.3258
1M|u64|negrow|bool	0.38485	0.4414
1M|u64|negrow|u8	0.30943333333333334	0.3799
1M|u64|negrow|i8	0.31170000000000003	0.5196
1M|u64|negrow|i16	0.2780333333333333	0.6955
1M|u64|negrow|u16	0.2829	0.6956
1M|u64|negrow|i32	0.3226	1.1432
1M|u64|negrow|u32	0.33045	1.1042
1M|u64|negrow|i64	0.5651	2.0308
1M|u64|negrow|u64	0.5367	1.9963
1M|u64|negrow|char	0.28073333333333333	0.6963
1M|u64|negrow|f16	1.9463	3.451
1M|u64|negrow|f32	1.0396	1.5739
1M|u64|negrow|f64	1.0842	2.034
1M|u64|negrow|dec	1.4792	NA
1M|u64|negrow|c128	1.5652	3.3057
1M|u64|negcol|bool	1.3555	0.53125
1M|u64|negcol|u8	1.3245	0.5188
1M|u64|negcol|i8	1.3249	0.51775
1M|u64|negcol|i16	1.3538	0.79
1M|u64|negcol|u16	1.3536	0.8181
1M|u64|negcol|i32	1.3585	1.0384
1M|u64|negcol|u32	1.3581	1.1418
1M|u64|negcol|i64	0.6289	2.0248
1M|u64|negcol|u64	0.6531	1.8554
1M|u64|negcol|char	1.352	0.8271
1M|u64|negcol|f16	2.3001	3.4323
1M|u64|negcol|f32	0.9849	1.2943
1M|u64|negcol|f64	1.0154	2.1707
1M|u64|negcol|dec	1.5024	NA
1M|u64|negcol|c128	1.5216	3.3908
1M|u64|strided|bool	0.6736	0.2749
1M|u64|strided|u8	0.6635	0.272425
1M|u64|strided|i8	0.6635	0.272367
1M|u64|strided|i16	0.6775	0.276425
1M|u64|strided|u16	0.6773	0.276267
1M|u64|strided|i32	0.6768	0.6126
1M|u64|strided|u32	0.6764	0.6214
1M|u64|strided|i64	0.35125	1.0694
1M|u64|strided|u64	0.3523	1.0745
1M|u64|strided|char	0.6773	0.276833
1M|u64|strided|f16	1.1678	1.5532
1M|u64|strided|f32	0.48015	0.6841
1M|u64|strided|f64	0.49545	1.1228
1M|u64|strided|dec	0.6012	NA
1M|u64|strided|c128	0.6677	2.0288
1M|u64|bcast|bool	1.6354	0.4791
1M|u64|bcast|u8	1.8421	0.4796
1M|u64|bcast|i8	1.8495	0.4797
1M|u64|bcast|i16	2.1958	0.7716
1M|u64|bcast|u16	2.1524	0.7456
1M|u64|bcast|i32	2.0093	0.9067
1M|u64|bcast|u32	2.0401	1.0447
1M|u64|bcast|i64	1.5953	1.7426
1M|u64|bcast|u64	1.5956	1.9207
1M|u64|bcast|char	2.163	0.7741
1M|u64|bcast|f16	6.2427	3.3977
1M|u64|bcast|f32	2.1628	1.2559
1M|u64|bcast|f64	1.5842	2.0752
1M|u64|bcast|dec	2.4556	NA
1M|u64|bcast|c128	2.2193	3.1203
1M|char|C|bool	0.057425	0.4794
1M|char|C|u8	0.04894210526315789	0.47945
1M|char|C|i8	0.048090909090909094	0.4795
1M|char|C|i16	0.078175	0.6418
1M|char|C|u16	0.10138181818181818	0.39015
1M|char|C|i32	0.36815	0.9999
1M|char|C|u32	0.36755	1.0014
1M|char|C|i64	0.3875	1.8947
1M|char|C|u64	0.382	1.7607
1M|char|C|char	0.09010833333333333	0.38835
1M|char|C|f16	1.0842	3.17
1M|char|C|f32	0.5147	1.1071
1M|char|C|f64	0.555	1.7979
1M|char|C|dec	1.3494	NA
1M|char|C|c128	1.336	3.1266
1M|char|F|bool	0.060257142857142856	0.4794
1M|char|F|u8	0.05262222222222222	0.47955
1M|char|F|i8	0.051199999999999996	0.47945
1M|char|F|i16	0.083775	0.567
1M|char|F|u16	0.08383333333333333	0.3875
1M|char|F|i32	0.36565	0.9225
1M|char|F|u32	0.36255	0.6999
1M|char|F|i64	0.3848	1.7676
1M|char|F|u64	0.4154	1.8241
1M|char|F|char	0.08751111111111111	0.3822
1M|char|F|f16	1.0894	3.1651
1M|char|F|f32	0.5047	1.1197
1M|char|F|f64	0.5472	1.9236
1M|char|F|dec	0.8469	NA
1M|char|F|c128	0.8849	3.4644
1M|char|T|bool	0.05739999999999999	0.4795
1M|char|T|u8	0.05000952380952381	0.47965
1M|char|T|i8	0.044823076923076924	0.47945
1M|char|T|i16	0.09205454545454544	0.57605
1M|char|T|u16	0.08862	0.390133
1M|char|T|i32	0.3583	0.9968
1M|char|T|u32	0.3578	1.0029
1M|char|T|i64	0.3781	1.7631
1M|char|T|u64	0.3733	1.9379
1M|char|T|char	0.08642727272727273	0.389867
1M|char|T|f16	1.0895	3.1622
1M|char|T|f32	0.5066	1.1121
1M|char|T|f64	0.5443	1.9266
1M|char|T|dec	0.9775	NA
1M|char|T|c128	0.9574	3.5166
1M|char|sliced|bool	0.0606	0.4839
1M|char|sliced|u8	0.04914444444444445	0.48465
1M|char|sliced|i8	0.04888	0.4842
1M|char|sliced|i16	0.08295	0.6428
1M|char|sliced|u16	0.11324000000000001	0.502
1M|char|sliced|i32	0.3664	0.9871
1M|char|sliced|u32	0.3655	1.0042
1M|char|sliced|i64	0.2475	1.7782
1M|char|sliced|u64	0.3877	1.9348
1M|char|sliced|char	0.08275	0.50065
1M|char|sliced|f16	1.1142	3.1542
1M|char|sliced|f32	0.51265	1.1135
1M|char|sliced|f64	0.5519	1.9296
1M|char|sliced|dec	0.9471	NA
1M|char|sliced|c128	0.9357	2.478
1M|char|negrow|bool	0.06524444444444445	0.486
1M|char|negrow|u8	0.052984210526315786	0.48665
1M|char|negrow|i8	0.051925	0.4859
1M|char|negrow|i16	0.08375	0.59525
1M|char|negrow|u16	0.10547999999999999	0.504
1M|char|negrow|i32	0.376	0.958
1M|char|negrow|u32	0.3749	1.0069
1M|char|negrow|i64	0.3977	1.7177
1M|char|negrow|u64	0.414	1.9324
1M|char|negrow|char	0.08285	0.5067
1M|char|negrow|f16	1.1307	3.1833
1M|char|negrow|f32	0.51945	1.1354
1M|char|negrow|f64	0.5549	1.944
1M|char|negrow|dec	0.9953	NA
1M|char|negrow|c128	0.9263	3.1185
1M|char|negcol|bool	0.108375	0.416
1M|char|negcol|u8	0.09347142857142857	0.48595
1M|char|negcol|i8	0.0934875	0.4871
1M|char|negcol|i16	0.07915	0.5836
1M|char|negcol|u16	0.10114000000000001	0.7871
1M|char|negcol|i32	0.3759	1.0039
1M|char|negcol|u32	0.3751	1.0866
1M|char|negcol|i64	0.4039	1.7467
1M|char|negcol|u64	0.3961	1.9248
1M|char|negcol|char	0.079675	0.7873
1M|char|negcol|f16	1.4943	3.1981
1M|char|negcol|f32	0.5192	1.1347
1M|char|negcol|f64	0.5569	1.9432
1M|char|negcol|dec	0.9527	NA
1M|char|negcol|c128	1.0865	3.2304
1M|char|strided|bool	0.07078461538461539	0.20578
1M|char|strided|u8	0.06336	0.244175
1M|char|strided|i8	0.0636625	0.24415
1M|char|strided|i16	0.046422222222222226	0.17685
1M|char|strided|u16	0.04596666666666667	0.246125
1M|char|strided|i32	0.188425	0.50765
1M|char|strided|u32	0.1877	0.5504
1M|char|strided|i64	0.19975	0.9355
1M|char|strided|u64	0.19626666666666667	0.9908
1M|char|strided|char	0.046528571428571426	0.246
1M|char|strided|f16	0.745	1.4314
1M|char|strided|f32	0.26456666666666667	0.57285
1M|char|strided|f64	0.28105	0.9911
1M|char|strided|dec	0.3536	NA
1M|char|strided|c128	0.353	1.7739
1M|char|bcast|bool	1.5263	0.4126
1M|char|bcast|u8	1.5379	0.4784
1M|char|bcast|i8	1.5388	0.4797
1M|char|bcast|i16	1.7403	0.6417
1M|char|bcast|u16	1.7417	0.4957
1M|char|bcast|i32	1.9538	1.058
1M|char|bcast|u32	1.9463	1.0605
1M|char|bcast|i64	1.5914	1.889
1M|char|bcast|u64	1.5761	1.8714
1M|char|bcast|char	1.7432	0.49605
1M|char|bcast|f16	5.3011	3.1579
1M|char|bcast|f32	2.0372	1.1059
1M|char|bcast|f64	1.587	1.893
1M|char|bcast|dec	2.5131	NA
1M|char|bcast|c128	2.3948	3.0721
1M|f16|C|bool	0.06855555555555555	1.1793
1M|f16|C|u8	0.27865	1.7575
1M|f16|C|i8	0.4046	1.883
1M|f16|C|i16	0.36805	2.0056
1M|f16|C|u16	0.3675333333333333	2.1905
1M|f16|C|i32	0.31165	2.2476
1M|f16|C|u32	0.4961	2.3155
1M|f16|C|i64	0.8157	2.8711
1M|f16|C|u64	4.0008	3.1783
1M|f16|C|char	0.36756666666666665	2.191
1M|f16|C|f16	0.08634545454545454	0.3872
1M|f16|C|f32	0.5687	1.9524
1M|f16|C|f64	2.5269	2.5372
1M|f16|C|dec	12.6897	NA
1M|f16|C|c128	2.726	3.3193
1M|f16|F|bool	0.0684	1.1794
1M|f16|F|u8	0.40495	1.7517
1M|f16|F|i8	0.4046	1.8827
1M|f16|F|i16	0.3676333333333333	2.0528
1M|f16|F|u16	0.36745	2.1878
1M|f16|F|i32	0.30185	2.1668
1M|f16|F|u32	1.4548	2.301
1M|f16|F|i64	0.814	2.8529
1M|f16|F|u64	4.0126	3.1695
1M|f16|F|char	0.36813333333333337	2.1919
1M|f16|F|f16	0.0882	0.38455
1M|f16|F|f32	0.567	1.8303
1M|f16|F|f64	2.3895	2.4738
1M|f16|F|dec	11.9624	NA
1M|f16|F|c128	2.7153	3.2848
1M|f16|T|bool	0.06848888888888888	1.1795
1M|f16|T|u8	0.40455	1.753
1M|f16|T|i8	0.40485	1.8823
1M|f16|T|i16	0.36776666666666663	1.9721
1M|f16|T|u16	0.36715	2.188
1M|f16|T|i32	0.30245	2.2303
1M|f16|T|u32	1.455	2.3142
1M|f16|T|i64	0.8145	2.8675
1M|f16|T|u64	4.0103	3.1694
1M|f16|T|char	0.3678333333333333	2.1183
1M|f16|T|f16	0.0828	0.38765
1M|f16|T|f32	0.57145	1.9589
1M|f16|T|f64	2.3994	2.5529
1M|f16|T|dec	11.8026	NA
1M|f16|T|c128	2.7419	3.4303
1M|f16|sliced|bool	0.0710625	1.1818
1M|f16|sliced|u8	0.43665	1.8096
1M|f16|sliced|i8	0.43085	1.8791
1M|f16|sliced|i16	0.39805	1.1614
1M|f16|sliced|u16	0.39675	2.1856
1M|f16|sliced|i32	0.3472	2.2359
1M|f16|sliced|u32	1.4866	2.375
1M|f16|sliced|i64	0.8614	2.8555
1M|f16|sliced|u64	4.0179	3.165
1M|f16|sliced|char	0.401	2.1877
1M|f16|sliced|f16	0.11456363636363637	0.5
1M|f16|sliced|f32	0.5999	1.966
1M|f16|sliced|f64	2.5196	2.5484
1M|f16|sliced|dec	11.9849	NA
1M|f16|sliced|c128	2.7173	3.4179
1M|f16|negrow|bool	0.07601666666666666	1.1866
1M|f16|negrow|u8	0.44355	0.9307
1M|f16|negrow|i8	0.44305	1.8893
1M|f16|negrow|i16	0.4122	2.1269
1M|f16|negrow|u16	0.4104	2.2029
1M|f16|negrow|i32	0.32875	2.3302
1M|f16|negrow|u32	1.4758	2.4006
1M|f16|negrow|i64	0.8422	3.034
1M|f16|negrow|u64	4.0299	3.2041
1M|f16|negrow|char	0.41145	2.1314
1M|f16|negrow|f16	0.10886363636363637	0.505
1M|f16|negrow|f32	0.59665	1.9207
1M|f16|negrow|f64	2.5475	2.4116
1M|f16|negrow|dec	11.8032	NA
1M|f16|negrow|c128	2.7627	3.3769
1M|f16|negcol|bool	0.05436	1.1873
1M|f16|negcol|u8	0.8005	1.823
1M|f16|negcol|i8	0.8006	1.891
1M|f16|negcol|i16	0.7702	2.2017
1M|f16|negcol|u16	0.7695	2.1319
1M|f16|negcol|i32	0.6783	2.4905
1M|f16|negcol|u32	1.839	2.4796
1M|f16|negcol|i64	1.1982	3.037
1M|f16|negcol|u64	4.3852	3.5055
1M|f16|negcol|char	0.7711	2.1322
1M|f16|negcol|f16	0.09043333333333332	0.7832
1M|f16|negcol|f32	0.943	2.0135
1M|f16|negcol|f64	2.5507	2.3999
1M|f16|negcol|dec	12.014	NA
1M|f16|negcol|c128	2.7707	3.2753
1M|f16|strided|bool	0.07682222222222222	0.59405
1M|f16|strided|u8	0.47655	0.8766
1M|f16|strided|i8	0.4783	0.9441
1M|f16|strided|i16	0.39015	0.946
1M|f16|strided|u16	0.38965	0.8771
1M|f16|strided|i32	0.3533	1.1671
1M|f16|strided|u32	0.9322	1.246
1M|f16|strided|i64	0.61185	1.4578
1M|f16|strided|u64	2.1899	1.7574
1M|f16|strided|char	0.3901	0.8767
1M|f16|strided|f16	0.04632727272727273	0.246
1M|f16|strided|f32	0.4828	1.0114
1M|f16|strided|f64	1.2622	1.2013
1M|f16|strided|dec	5.8739	NA
1M|f16|strided|c128	1.3508	1.843
1M|f16|bcast|bool	1.5312	1.1783
1M|f16|bcast|u8	4.5955	1.8137
1M|f16|bcast|i8	4.5903	1.8797
1M|f16|bcast|i16	4.5777	2.1819
1M|f16|bcast|u16	4.5715	2.1032
1M|f16|bcast|i32	4.7169	2.3171
1M|f16|bcast|u32	4.5311	2.4526
1M|f16|bcast|i64	4.7578	2.8632
1M|f16|bcast|u64	4.5479	3.4803
1M|f16|bcast|char	4.5855	2.0363
1M|f16|bcast|f16	1.7927	0.4962
1M|f16|bcast|f32	3.8098	1.9168
1M|f16|bcast|f64	2.6233	2.2281
1M|f16|bcast|dec	11.9384	NA
1M|f16|bcast|c128	3.3885	3.5321
1M|f32|C|bool	0.14848333333333333	0.7329
1M|f32|C|u8	0.1283	0.3534
1M|f32|C|i8	0.1303	0.353467
1M|f32|C|i16	0.143975	0.796
1M|f32|C|u16	0.14035714285714287	0.7953
1M|f32|C|i32	0.21255	1.1096
1M|f32|C|u32	1.3182	1.0133
1M|f32|C|i64	1.8868	1.96
1M|f32|C|u64	3.035	2.0224
1M|f32|C|char	0.1392	0.7945
1M|f32|C|f16	0.9562	2.9934
1M|f32|C|f32	0.169875	0.7344
1M|f32|C|f64	0.3925	1.9803
1M|f32|C|dec	11.1251	NA
1M|f32|C|c128	0.9915	3.2307
1M|f32|F|bool	0.14846666666666666	0.7336
1M|f32|F|u8	0.13134285714285715	0.35345
1M|f32|F|i8	0.1298125	0.35345
1M|f32|F|i16	0.143425	0.4658
1M|f32|F|u16	0.1401	0.4525
1M|f32|F|i32	0.21445	0.9892
1M|f32|F|u32	1.3159	1.0529
1M|f32|F|i64	1.8807	1.7581
1M|f32|F|u64	3.0428	1.774
1M|f32|F|char	0.14363333333333334	0.7173
1M|f32|F|f16	0.9549	2.9943
1M|f32|F|f32	0.17974	0.59935
1M|f32|F|f64	0.3758	1.8037
1M|f32|F|dec	11.1385	NA
1M|f32|F|c128	1.0657	3.1731
1M|f32|T|bool	0.14913333333333334	0.7272
1M|f32|T|u8	0.13024285714285713	0.3535
1M|f32|T|i8	0.1298375	0.3535
1M|f32|T|i16	0.1415	0.7864
1M|f32|T|u16	0.14288571428571428	0.7867
1M|f32|T|i32	0.21533333333333335	1.0057
1M|f32|T|u32	1.3152	1.0534
1M|f32|T|i64	1.8739	1.8118
1M|f32|T|u64	3.0192	2.0328
1M|f32|T|char	0.14083333333333334	0.7589
1M|f32|T|f16	0.9561	2.9908
1M|f32|T|f32	0.171175	0.6847
1M|f32|T|f64	0.3715	1.8006
1M|f32|T|dec	11.0219	NA
1M|f32|T|c128	1.1033	3.5016
1M|f32|sliced|bool	0.07462222222222221	0.7326
1M|f32|sliced|u8	0.14923333333333333	0.355067
1M|f32|sliced|i8	0.15088333333333334	0.355067
1M|f32|sliced|i16	0.16116666666666665	0.7884
1M|f32|sliced|u16	0.1581	0.7676
1M|f32|sliced|i32	0.22763333333333333	1.0478
1M|f32|sliced|u32	1.3321	1.0541
1M|f32|sliced|i64	1.9071	1.7939
1M|f32|sliced|u64	3.0223	2.0104
1M|f32|sliced|char	0.16133333333333333	0.7681
1M|f32|sliced|f16	0.974	2.9786
1M|f32|sliced|f32	0.2227	1.0134
1M|f32|sliced|f64	0.399	1.9616
1M|f32|sliced|dec	11.0187	NA
1M|f32|sliced|c128	1.0693	3.3234
1M|f32|negrow|bool	0.17626	0.7414
1M|f32|negrow|u8	0.16962	0.37805
1M|f32|negrow|i8	0.166325	0.3781
1M|f32|negrow|i16	0.1733	0.8085
1M|f32|negrow|u16	0.17165	0.8099
1M|f32|negrow|i32	0.22515	1.1101
1M|f32|negrow|u32	1.3363	1.0612
1M|f32|negrow|i64	1.94	1.9705
1M|f32|negrow|u64	3.0515	2.0565
1M|f32|negrow|char	0.1783	0.7849
1M|f32|negrow|f16	0.9988	3.0154
1M|f32|negrow|f32	0.2188	0.9725
1M|f32|negrow|f64	0.4107	1.8621
1M|f32|negrow|dec	11.2486	NA
1M|f32|negrow|c128	1.0424	3.2794
1M|f32|negcol|bool	0.8989	0.3897
1M|f32|negcol|u8	0.9244	0.3749
1M|f32|negcol|i8	0.9274	0.5044
1M|f32|negcol|i16	0.9113	0.6191
1M|f32|negcol|u16	0.9117	0.6781
1M|f32|negcol|i32	0.9466	1.0044
1M|f32|negcol|u32	2.2634	1.0625
1M|f32|negcol|i64	1.9563	1.8072
1M|f32|negcol|u64	3.5829	1.9183
1M|f32|negcol|char	0.9118	0.6683
1M|f32|negcol|f16	1.3503	3.0287
1M|f32|negcol|f32	0.52535	0.9958
1M|f32|negcol|f64	0.7187	1.7962
1M|f32|negcol|dec	11.3118	NA
1M|f32|negcol|c128	1.0811	3.3701
1M|f32|strided|bool	0.45045	0.3706
1M|f32|strided|u8	0.0711	0.17776
1M|f32|strided|i8	0.07217142857142857	0.253575
1M|f32|strided|i16	0.46365	0.1784
1M|f32|strided|u16	0.4637	0.17842
1M|f32|strided|i32	0.4746	0.57875
1M|f32|strided|u32	1.1333	0.57425
1M|f32|strided|i64	0.9467	1.0166
1M|f32|strided|u64	1.9999	0.9805
1M|f32|strided|char	0.46385	0.1784
1M|f32|strided|f16	0.6738	1.346
1M|f32|strided|f32	0.27076666666666666	0.559
1M|f32|strided|f64	0.3535	1.0257
1M|f32|strided|dec	5.4854	NA
1M|f32|strided|c128	0.4213	1.9654
1M|f32|bcast|bool	1.6283	0.7124
1M|f32|bcast|u8	3.1535	0.35495
1M|f32|bcast|i8	3.1105	0.4795
1M|f32|bcast|i16	3.1785	0.6411
1M|f32|bcast|u16	3.1469	0.6413
1M|f32|bcast|i32	2.5412	0.9679
1M|f32|bcast|u32	2.5513	0.9688
1M|f32|bcast|i64	1.9897	1.8787
1M|f32|bcast|u64	2.7217	1.9181
1M|f32|bcast|char	3.157	0.6422
1M|f32|bcast|f16	4.0165	2.9899
1M|f32|bcast|f32	2.0403	0.9643
1M|f32|bcast|f64	1.5701	1.3288
1M|f32|bcast|dec	11.0163	NA
1M|f32|bcast|c128	2.5125	3.4551
1M|f64|C|bool	0.3409	0.7681
1M|f64|C|u8	0.208325	0.53
1M|f64|C|i8	0.204875	0.5287
1M|f64|C|i16	0.23429999999999998	0.8276
1M|f64|C|u16	0.233375	0.6775
1M|f64|C|i32	0.3266	1.1048
1M|f64|C|u32	1.054	1.1297
1M|f64|C|i64	1.6331	1.7834
1M|f64|C|u64	2.9194	2.0973
1M|f64|C|char	0.22726666666666664	0.6957
1M|f64|C|f16	2.2197	3.8809
1M|f64|C|f32	0.31905	1.1448
1M|f64|C|f64	0.3855	1.5086
1M|f64|C|dec	10.1485	NA
1M|f64|C|c128	1.391	3.4705
1M|f64|F|bool	0.34475	0.7705
1M|f64|F|u8	0.210375	0.5348
1M|f64|F|i8	0.21074	0.53405
1M|f64|F|i16	0.22953333333333334	0.8273
1M|f64|F|u16	0.22406666666666666	0.7019
1M|f64|F|i32	0.30435	1.1745
1M|f64|F|u32	1.0538	1.1753
1M|f64|F|i64	1.6065	1.8198
1M|f64|F|u64	2.926	2.087
1M|f64|F|char	0.22913333333333333	0.7106
1M|f64|F|f16	2.2447	3.904
1M|f64|F|f32	0.3085	1.1612
1M|f64|F|f64	0.3867	1.4828
1M|f64|F|dec	10.1299	NA
1M|f64|F|c128	1.3339	3.3476
1M|f64|T|bool	0.34486666666666665	0.7577
1M|f64|T|u8	0.20245	0.5118
1M|f64|T|i8	0.20366	0.5101
1M|f64|T|i16	0.24096666666666666	0.8091
1M|f64|T|u16	0.2259	0.696
1M|f64|T|i32	0.3184	1.1761
1M|f64|T|u32	1.054	1.1642
1M|f64|T|i64	1.6331	2.0118
1M|f64|T|u64	2.9215	1.9309
1M|f64|T|char	0.22565	0.6959
1M|f64|T|f16	2.2662	3.8723
1M|f64|T|f32	0.32075	1.1427
1M|f64|T|f64	0.3848	1.4862
1M|f64|T|dec	10.0818	NA
1M|f64|T|c128	1.3757	3.2836
1M|f64|sliced|bool	0.36813333333333337	0.7497
1M|f64|sliced|u8	0.24539999999999998	0.5143
1M|f64|sliced|i8	0.247825	0.51485
1M|f64|sliced|i16	0.2616	0.808
1M|f64|sliced|u16	0.257	0.6934
1M|f64|sliced|i32	0.32835	1.1079
1M|f64|sliced|u32	1.0643	1.1724
1M|f64|sliced|i64	1.6972	1.8782
1M|f64|sliced|u64	2.9306	1.8658
1M|f64|sliced|char	0.2678333333333333	0.6945
1M|f64|sliced|f16	2.2577	3.8576
1M|f64|sliced|f32	0.33495	1.1423
1M|f64|sliced|f64	0.5527	2.0374
1M|f64|sliced|dec	10.0362	NA
1M|f64|sliced|c128	1.3612	3.3832
1M|f64|negrow|bool	0.38095	0.7741
1M|f64|negrow|u8	0.2515	0.5298
1M|f64|negrow|i8	0.240025	0.5309
1M|f64|negrow|i16	0.2407	0.8302
1M|f64|negrow|u16	0.2557333333333333	0.7186
1M|f64|negrow|i32	0.3257	1.1653
1M|f64|negrow|u32	1.0812	1.1779
1M|f64|negrow|i64	1.7481	2.0116
1M|f64|negrow|u64	2.9585	2.0897
1M|f64|negrow|char	0.2545	0.7178
1M|f64|negrow|f16	2.3189	3.8465
1M|f64|negrow|f32	0.3291	0.9998
1M|f64|negrow|f64	0.5712	1.8418
1M|f64|negrow|dec	10.271	NA
1M|f64|negrow|c128	1.3715	3.5518
1M|f64|negcol|bool	1.3588	0.7796
1M|f64|negcol|u8	1.3208	0.39155
1M|f64|negcol|i8	1.3212	0.391
1M|f64|negcol|i16	1.3559	0.8385
1M|f64|negcol|u16	1.355	0.7204
1M|f64|negcol|i32	0.3568	0.8075
1M|f64|negcol|u32	1.7383	1.0706
1M|f64|negcol|i64	1.7499	1.8902
1M|f64|negcol|u64	3.1419	2.0931
1M|f64|negcol|char	1.3563	0.7076
1M|f64|negcol|f16	1.1692	3.6685
1M|f64|negcol|f32	0.7186	1.0559
1M|f64|negcol|f64	0.6675	1.8944
1M|f64|negcol|dec	10.3525	NA
1M|f64|negcol|c128	1.3952	3.7234
1M|f64|strided|bool	0.6741	0.3909
1M|f64|strided|u8	0.6601	0.24615
1M|f64|strided|i8	0.6607	0.2448
1M|f64|strided|i16	0.6744	0.2792
1M|f64|strided|u16	0.6742	0.252167
1M|f64|strided|i32	0.9753	0.67555
1M|f64|strided|u32	0.852	0.6451
1M|f64|strided|i64	0.8542	1.0816
1M|f64|strided|u64	1.633	1.063
1M|f64|strided|char	0.6743	0.2539
1M|f64|strided|f16	1.3452	1.6769
1M|f64|strided|f32	0.3549333333333333	0.6204
1M|f64|strided|f64	0.3639	1.0972
1M|f64|strided|dec	4.9905	NA
1M|f64|strided|c128	0.5546	2.0217
1M|f64|bcast|bool	1.8684	0.7128
1M|f64|bcast|u8	2.8553	0.246767
1M|f64|bcast|i8	2.8773	0.355167
1M|f64|bcast|i16	2.8806	0.7722
1M|f64|bcast|u16	2.8911	0.6437
1M|f64|bcast|i32	1.2771	0.9844
1M|f64|bcast|u32	2.1099	0.7815
1M|f64|bcast|i64	1.8479	1.7577
1M|f64|bcast|u64	2.4344	1.9181
1M|f64|bcast|char	2.8506	0.6451
1M|f64|bcast|f16	5.4514	3.5881
1M|f64|bcast|f32	2.453	1.0063
1M|f64|bcast|f64	1.6222	1.8812
1M|f64|bcast|dec	10.0683	NA
1M|f64|bcast|c128	2.4133	2.8224
1M|dec|C|bool	1.6511	NA
1M|dec|C|u8	8.7016	NA
1M|dec|C|i8	8.4621	NA
1M|dec|C|i16	8.508	NA
1M|dec|C|u16	8.5229	NA
1M|dec|C|i32	8.5183	NA
1M|dec|C|u32	8.2751	NA
1M|dec|C|i64	8.2922	NA
1M|dec|C|u64	9.4636	NA
1M|dec|C|char	8.5229	NA
1M|dec|C|f16	6.1574	NA
1M|dec|C|f32	2.8392	NA
1M|dec|C|f64	2.7535	NA
1M|dec|C|dec	0.817	NA
1M|dec|C|c128	3.0699	NA
1M|dec|F|bool	1.6445	NA
1M|dec|F|u8	8.4053	NA
1M|dec|F|i8	8.584	NA
1M|dec|F|i16	8.5356	NA
1M|dec|F|u16	8.6683	NA
1M|dec|F|i32	8.4717	NA
1M|dec|F|u32	8.3144	NA
1M|dec|F|i64	8.2952	NA
1M|dec|F|u64	9.3871	NA
1M|dec|F|char	8.4086	NA
1M|dec|F|f16	6.0927	NA
1M|dec|F|f32	2.8309	NA
1M|dec|F|f64	2.6664	NA
1M|dec|F|dec	0.7613	NA
1M|dec|F|c128	3.1414	NA
1M|dec|T|bool	1.6474	NA
1M|dec|T|u8	8.522	NA
1M|dec|T|i8	8.4293	NA
1M|dec|T|i16	8.4621	NA
1M|dec|T|u16	8.5323	NA
1M|dec|T|i32	8.513	NA
1M|dec|T|u32	8.1731	NA
1M|dec|T|i64	8.2222	NA
1M|dec|T|u64	9.3769	NA
1M|dec|T|char	8.4216	NA
1M|dec|T|f16	6.0865	NA
1M|dec|T|f32	2.8226	NA
1M|dec|T|f64	2.6739	NA
1M|dec|T|dec	0.8186	NA
1M|dec|T|c128	3.0553	NA
1M|dec|sliced|bool	1.6432	NA
1M|dec|sliced|u8	8.4087	NA
1M|dec|sliced|i8	8.4295	NA
1M|dec|sliced|i16	8.5638	NA
1M|dec|sliced|u16	8.4937	NA
1M|dec|sliced|i32	8.4834	NA
1M|dec|sliced|u32	8.3321	NA
1M|dec|sliced|i64	8.3518	NA
1M|dec|sliced|u64	9.4772	NA
1M|dec|sliced|char	8.3812	NA
1M|dec|sliced|f16	6.0946	NA
1M|dec|sliced|f32	2.8208	NA
1M|dec|sliced|f64	2.7425	NA
1M|dec|sliced|dec	2.0618	NA
1M|dec|sliced|c128	3.0186	NA
1M|dec|negrow|bool	1.6844	NA
1M|dec|negrow|u8	8.6597	NA
1M|dec|negrow|i8	8.5809	NA
1M|dec|negrow|i16	8.5186	NA
1M|dec|negrow|u16	8.5007	NA
1M|dec|negrow|i32	8.5891	NA
1M|dec|negrow|u32	8.3162	NA
1M|dec|negrow|i64	8.3671	NA
1M|dec|negrow|u64	9.4759	NA
1M|dec|negrow|char	8.6334	NA
1M|dec|negrow|f16	6.179	NA
1M|dec|negrow|f32	2.8807	NA
1M|dec|negrow|f64	2.8364	NA
1M|dec|negrow|dec	2.0422	NA
1M|dec|negrow|c128	3.1399	NA
1M|dec|negcol|bool	1.6871	NA
1M|dec|negcol|u8	8.5254	NA
1M|dec|negcol|i8	8.579	NA
1M|dec|negcol|i16	8.5794	NA
1M|dec|negcol|u16	4.2607	NA
1M|dec|negcol|i32	8.603	NA
1M|dec|negcol|u32	8.3268	NA
1M|dec|negcol|i64	8.3251	NA
1M|dec|negcol|u64	9.6167	NA
1M|dec|negcol|char	8.5168	NA
1M|dec|negcol|f16	6.2763	NA
1M|dec|negcol|f32	2.8989	NA
1M|dec|negcol|f64	2.8542	NA
1M|dec|negcol|dec	2.1151	NA
1M|dec|negcol|c128	3.3425	NA
1M|dec|strided|bool	0.8406	NA
1M|dec|strided|u8	4.2097	NA
1M|dec|strided|i8	4.2021	NA
1M|dec|strided|i16	4.2536	NA
1M|dec|strided|u16	4.2174	NA
1M|dec|strided|i32	4.2036	NA
1M|dec|strided|u32	4.1202	NA
1M|dec|strided|i64	4.1009	NA
1M|dec|strided|u64	4.693	NA
1M|dec|strided|char	4.2075	NA
1M|dec|strided|f16	3.0526	NA
1M|dec|strided|f32	1.428	NA
1M|dec|strided|f64	1.3792	NA
1M|dec|strided|dec	0.9208	NA
1M|dec|strided|c128	1.5654	NA
1M|dec|bcast|bool	1.6658	NA
1M|dec|bcast|u8	8.5485	NA
1M|dec|bcast|i8	8.5823	NA
1M|dec|bcast|i16	8.6653	NA
1M|dec|bcast|u16	8.613	NA
1M|dec|bcast|i32	8.8249	NA
1M|dec|bcast|u32	8.7803	NA
1M|dec|bcast|i64	8.5747	NA
1M|dec|bcast|u64	9.6118	NA
1M|dec|bcast|char	8.5533	NA
1M|dec|bcast|f16	6.1166	NA
1M|dec|bcast|f32	2.8343	NA
1M|dec|bcast|f64	2.8441	NA
1M|dec|bcast|dec	3.2003	NA
1M|dec|bcast|c128	3.8371	NA
1M|c128|C|bool	0.8317	0.7299
1M|c128|C|u8	0.4036	0.6063
1M|c128|C|i8	0.4025	0.6033
1M|c128|C|i16	0.4673	0.9609
1M|c128|C|u16	0.4518	0.9763
1M|c128|C|i32	0.5681	1.38
1M|c128|C|u32	1.0926	1.3747
1M|c128|C|i64	1.7745	2.363
1M|c128|C|u64	3.2326	2.4414
1M|c128|C|char	0.4569	0.9631
1M|c128|C|f16	2.4255	3.7277
1M|c128|C|f32	0.6846	1.3004
1M|c128|C|f64	0.9894	2.3357
1M|c128|C|dec	10.1936	NA
1M|c128|C|c128	0.7845	2.4431
1M|c128|F|bool	0.8152	0.7101
1M|c128|F|u8	0.39025	0.5923
1M|c128|F|i8	0.40715	0.58655
1M|c128|F|i16	0.43795	0.9531
1M|c128|F|u16	0.4574	0.9554
1M|c128|F|i32	0.5557	1.2974
1M|c128|F|u32	1.0784	1.263
1M|c128|F|i64	1.7607	2.1596
1M|c128|F|u64	3.2348	2.3862
1M|c128|F|char	0.46065	0.9428
1M|c128|F|f16	2.4429	3.7278
1M|c128|F|f32	0.6695	1.2672
1M|c128|F|f64	0.9533	2.2355
1M|c128|F|dec	10.0342	NA
1M|c128|F|c128	0.7744	2.3437
1M|c128|T|bool	0.8196	0.7293
1M|c128|T|u8	0.39205	0.5981
1M|c128|T|i8	0.39215	0.59395
1M|c128|T|i16	0.4477	0.9732
1M|c128|T|u16	0.4618	0.9586
1M|c128|T|i32	0.5766	1.3206
1M|c128|T|u32	1.0893	1.3477
1M|c128|T|i64	1.7689	2.1698
1M|c128|T|u64	3.2522	2.4435
1M|c128|T|char	0.4584	0.9651
1M|c128|T|f16	2.4447	3.7208
1M|c128|T|f32	0.6778	1.2959
1M|c128|T|f64	1.0036	2.3162
1M|c128|T|dec	10.1345	NA
1M|c128|T|c128	0.7685	2.3921
1M|c128|sliced|bool	0.8428	0.7344
1M|c128|sliced|u8	0.42905	0.61415
1M|c128|sliced|i8	0.4496	0.6119
1M|c128|sliced|i16	0.47385	0.9761
1M|c128|sliced|u16	0.4831	0.9676
1M|c128|sliced|i32	0.5595	1.352
1M|c128|sliced|u32	1.1028	1.3192
1M|c128|sliced|i64	1.7956	2.2869
1M|c128|sliced|u64	3.2652	2.4406
1M|c128|sliced|char	0.48835	0.9719
1M|c128|sliced|f16	2.4477	3.7077
1M|c128|sliced|f32	0.6645	1.2869
1M|c128|sliced|f64	0.9825	2.435
1M|c128|sliced|dec	10.2537	NA
1M|c128|sliced|c128	2.0257	3.9197
1M|c128|negrow|bool	0.8622	0.7593
1M|c128|negrow|u8	0.44545	0.6124
1M|c128|negrow|i8	0.44415	0.62195
1M|c128|negrow|i16	0.47525	0.9777
1M|c128|negrow|u16	0.25765	0.9875
1M|c128|negrow|i32	0.5651	1.3769
1M|c128|negrow|u32	1.1362	1.4018
1M|c128|negrow|i64	1.8157	2.3255
1M|c128|negrow|u64	3.3327	2.4301
1M|c128|negrow|char	0.48695	0.9834
1M|c128|negrow|f16	2.5001	3.7532
1M|c128|negrow|f32	0.6991	1.3263
1M|c128|negrow|f64	0.992	2.2953
1M|c128|negrow|dec	10.3811	NA
1M|c128|negrow|c128	2.1234	3.8987
1M|c128|negcol|bool	0.8601	0.8702
1M|c128|negcol|u8	1.3374	0.5494
1M|c128|negcol|i8	1.3342	0.5469
1M|c128|negcol|i16	1.4599	0.8835
1M|c128|negcol|u16	1.4593	0.9475
1M|c128|negcol|i32	1.4434	1.3145
1M|c128|negcol|u32	1.783	1.3516
1M|c128|negcol|i64	1.8798	2.2163
1M|c128|negcol|u64	3.3206	2.4766
1M|c128|negcol|char	1.4606	0.9732
1M|c128|negcol|f16	3.1335	3.9864
1M|c128|negcol|f32	0.6779	1.2807
1M|c128|negcol|f64	1.0082	2.3399
1M|c128|negcol|dec	10.3464	NA
1M|c128|negcol|c128	2.0628	4.6121
1M|c128|strided|bool	1.362	0.48235
1M|c128|strided|u8	0.6802	0.4246
1M|c128|strided|i8	0.6815	0.393
1M|c128|strided|i16	0.733	0.4331
1M|c128|strided|u16	0.7335	0.43265
1M|c128|strided|i32	0.7309	0.8226
1M|c128|strided|u32	0.9896	0.8261
1M|c128|strided|i64	0.9667	1.2377
1M|c128|strided|u64	2.2017	1.3346
1M|c128|strided|char	0.7335	0.4343
1M|c128|strided|f16	1.688	1.8766
1M|c128|strided|f32	0.44025	0.713
1M|c128|strided|f64	0.5477	1.2308
1M|c128|strided|dec	5.022	NA
1M|c128|strided|c128	0.9228	2.6064
1M|c128|bcast|bool	1.9086	0.7126
1M|c128|bcast|u8	3.1422	0.356767
1M|c128|bcast|i8	3.0743	0.3566
1M|c128|bcast|i16	3.1564	0.7754
1M|c128|bcast|u16	3.4093	0.6462
1M|c128|bcast|i32	3.1684	1.0576
1M|c128|bcast|u32	3.1052	0.9736
1M|c128|bcast|i64	1.7745	1.9043
1M|c128|bcast|u64	3.8807	1.9313
1M|c128|bcast|char	3.0892	0.6471
1M|c128|bcast|f16	5.7612	3.8538
1M|c128|bcast|f32	2.8231	0.9328
1M|c128|bcast|f64	1.6296	1.612
1M|c128|bcast|dec	10.0227	NA
1M|c128|bcast|c128	3.2525	4.1731
