id,surface,name,kind,category,api_status,coverage_status,backend_route,evidence,notes
numpy.abs,np,abs,ufunc,Math,available,op_matrix,managed,benchmark/NumSharp.Benchmark.CSharp/Benchmarks/Unary/MathBenchmarks.cs,
numpy.absolute,np,absolute,ufunc,Math,available,op_matrix,managed,benchmark/NumSharp.Benchmark.CSharp/Benchmarks/Unary/UnaryFamilyBenchmarks.cs,
numpy.acos,np,acos,ufunc,Math,available,covered_alias,managed,numpy.arccos,Shares the exact compiled NumSharp target with a directly covered API.
numpy.acosh,np,acosh,ufunc,Math,available,op_matrix,managed,benchmark/NumSharp.Benchmark.CSharp/Benchmarks/Unary/UnaryFamilyBenchmarks.cs,
numpy.add,np,add,ufunc,Math,available,op_matrix,managed,benchmark/NumSharp.Benchmark.CSharp/Benchmarks/Arithmetic/AddBenchmarks.cs,
numpy.all,np,all,function,Reductions,available,op_matrix,managed,benchmark/NumSharp.Benchmark.CSharp/Benchmarks/Logic/LogicBenchmarks.cs,
numpy.allclose,np,allclose,function,Logic & comparison,available,op_matrix,managed,benchmark/NumSharp.Benchmark.CSharp/Benchmarks/Logic/LogicBenchmarks.cs,
numpy.amax,np,amax,function,Reductions,available,op_matrix,managed,benchmark/NumSharp.Benchmark.CSharp/Benchmarks/Reduction/MinMaxBenchmarks.cs; benchmark/NumSharp.Benchmark.CSharp/Benchmarks/Reduction/MinMaxBenchmarks.cs,
numpy.amin,np,amin,function,Reductions,available,op_matrix,managed,benchmark/NumSharp.Benchmark.CSharp/Benchmarks/Reduction/MinMaxBenchmarks.cs; benchmark/NumSharp.Benchmark.CSharp/Benchmarks/Reduction/MinMaxBenchmarks.cs,
numpy.angle,np,angle,function,Math,available,op_matrix,managed,benchmark/NumSharp.Benchmark.CSharp/Benchmarks/Unary/UnaryFamilyBenchmarks.cs,
numpy.any,np,any,function,Reductions,available,op_matrix,managed,benchmark/NumSharp.Benchmark.CSharp/Benchmarks/Logic/LogicBenchmarks.cs,
numpy.append,np,append,function,Shape manipulation,available,op_matrix,managed,benchmark/NumSharp.Benchmark.CSharp/Benchmarks/Manipulation/ExtendedShapeBenchmarks.cs,
numpy.arange,np,arange,function,Array creation,available,op_matrix,managed,benchmark/NumSharp.Benchmark.CSharp/Benchmarks/Creation/CreationBenchmarks.cs,
numpy.arccos,np,arccos,ufunc,Math,available,op_matrix,managed,benchmark/NumSharp.Benchmark.CSharp/Benchmarks/Unary/UnaryFamilyBenchmarks.cs,
numpy.arccosh,np,arccosh,ufunc,Math,available,op_matrix,managed,benchmark/NumSharp.Benchmark.CSharp/Benchmarks/Unary/UnaryFamilyBenchmarks.cs,
numpy.arcsin,np,arcsin,ufunc,Math,available,op_matrix,managed,benchmark/NumSharp.Benchmark.CSharp/Benchmarks/Unary/UnaryFamilyBenchmarks.cs,
numpy.arcsinh,np,arcsinh,ufunc,Math,available,op_matrix,managed,benchmark/NumSharp.Benchmark.CSharp/Benchmarks/Unary/UnaryFamilyBenchmarks.cs,
numpy.arctan,np,arctan,ufunc,Math,available,op_matrix,managed,benchmark/NumSharp.Benchmark.CSharp/Benchmarks/Unary/UnaryFamilyBenchmarks.cs,
numpy.arctan2,np,arctan2,ufunc,Math,available,op_matrix,managed,benchmark/NumSharp.Benchmark.CSharp/Benchmarks/Unary/UnaryFamilyBenchmarks.cs,
numpy.arctanh,np,arctanh,ufunc,Math,available,op_matrix,managed,benchmark/NumSharp.Benchmark.CSharp/Benchmarks/Unary/UnaryFamilyBenchmarks.cs,
numpy.argmax,np,argmax,function,Reductions,available,op_matrix,managed,benchmark/NumSharp.Benchmark.CSharp/Benchmarks/Reduction/MinMaxBenchmarks.cs,
numpy.argmin,np,argmin,function,Reductions,available,op_matrix,managed,benchmark/NumSharp.Benchmark.CSharp/Benchmarks/Reduction/MinMaxBenchmarks.cs,
numpy.argpartition,np,argpartition,function,Sorting & searching,available,op_matrix,managed,benchmark/NumSharp.Benchmark.CSharp/Benchmarks/Sorting/ExtendedSortingBenchmarks.cs,
numpy.argsort,np,argsort,function,Sorting & searching,available,op_matrix,managed,benchmark/NumSharp.Benchmark.CSharp/Benchmarks/Sorting/SortingBenchmarks.cs,
numpy.argwhere,np,argwhere,function,Sorting & searching,available,op_matrix,managed,benchmark/NumSharp.Benchmark.CSharp/Benchmarks/Sorting/ExtendedSortingBenchmarks.cs,
numpy.around,np,around,function,Math,available,op_matrix,managed,benchmark/NumSharp.Benchmark.CSharp/Benchmarks/Unary/MathBenchmarks.cs,
numpy.array,np,array,function,Array creation,available,op_matrix,managed,benchmark/NumSharp.Benchmark.CSharp/Benchmarks/Creation/ConversionCreationBenchmarks.cs,
numpy.array2string,np,array2string,function,Text & formatting,available,op_matrix,managed,benchmark/NumSharp.Benchmark.CSharp/Benchmarks/ApiSurface/UtilityBenchmarks.cs,
numpy.array_equal,np,array_equal,function,Logic & comparison,available,op_matrix,managed,benchmark/NumSharp.Benchmark.CSharp/Benchmarks/Logic/LogicBenchmarks.cs,
numpy.array_repr,np,array_repr,function,Text & formatting,available,op_matrix,managed,benchmark/NumSharp.Benchmark.CSharp/Benchmarks/ApiSurface/UtilityBenchmarks.cs,
numpy.array_split,np,array_split,function,Shape manipulation,available,op_matrix,managed,benchmark/NumSharp.Benchmark.CSharp/Benchmarks/Manipulation/ExtendedShapeBenchmarks.cs,
numpy.array_str,np,array_str,function,Text & formatting,available,op_matrix,managed,benchmark/NumSharp.Benchmark.CSharp/Benchmarks/ApiSurface/UtilityBenchmarks.cs,
numpy.asanyarray,np,asanyarray,function,Array creation,available,op_matrix,managed,benchmark/NumSharp.Benchmark.CSharp/Benchmarks/Creation/ConversionCreationBenchmarks.cs,
numpy.asarray,np,asarray,function,Array creation,available,op_matrix,managed,benchmark/NumSharp.Benchmark.CSharp/Benchmarks/Creation/ConversionCreationBenchmarks.cs,
numpy.asarray_chkfinite,np,asarray_chkfinite,function,Array creation,available,op_matrix,managed,benchmark/NumSharp.Benchmark.CSharp/Benchmarks/Creation/ConversionCreationBenchmarks.cs,
numpy.ascontiguousarray,np,ascontiguousarray,function,Array creation,available,op_matrix,managed,benchmark/NumSharp.Benchmark.CSharp/Benchmarks/Creation/ConversionCreationBenchmarks.cs,
numpy.asfortranarray,np,asfortranarray,function,Array creation,available,op_matrix,managed,benchmark/NumSharp.Benchmark.CSharp/Benchmarks/Creation/ConversionCreationBenchmarks.cs,
numpy.asin,np,asin,ufunc,Math,available,covered_alias,managed,numpy.arcsin,Shares the exact compiled NumSharp target with a directly covered API.
numpy.asinh,np,asinh,ufunc,Math,available,op_matrix,managed,benchmark/NumSharp.Benchmark.CSharp/Benchmarks/Unary/UnaryFamilyBenchmarks.cs,
numpy.asmatrix,np,asmatrix,function,Array creation,available,op_matrix,managed,benchmark/NumSharp.Benchmark.CSharp/Benchmarks/Creation/ConversionCreationBenchmarks.cs,
numpy.astype,np,astype,function,Dtype & promotion,available,subsystem,managed,benchmark/cast/cast_matrix_bench.cs,The cast subsystem measures the full source-dtype x destination-dtype x layout matrix.
numpy.atan,np,atan,ufunc,Math,available,covered_alias,managed,numpy.arctan,Shares the exact compiled NumSharp target with a directly covered API.
numpy.atan2,np,atan2,ufunc,Math,available,covered_alias,managed,numpy.arctan2,Shares the exact compiled NumSharp target with a directly covered API.
numpy.atanh,np,atanh,ufunc,Math,available,op_matrix,managed,benchmark/NumSharp.Benchmark.CSharp/Benchmarks/Unary/UnaryFamilyBenchmarks.cs,
numpy.atleast_1d,np,atleast_1d,function,Shape manipulation,available,op_matrix,managed,benchmark/NumSharp.Benchmark.CSharp/Benchmarks/Manipulation/ExtendedShapeBenchmarks.cs,
numpy.atleast_2d,np,atleast_2d,function,Shape manipulation,available,op_matrix,managed,benchmark/NumSharp.Benchmark.CSharp/Benchmarks/Manipulation/ExtendedShapeBenchmarks.cs,
numpy.atleast_3d,np,atleast_3d,function,Shape manipulation,available,op_matrix,managed,benchmark/NumSharp.Benchmark.CSharp/Benchmarks/Manipulation/ExtendedShapeBenchmarks.cs,
numpy.average,np,average,function,Reductions,available,op_matrix,managed,benchmark/NumSharp.Benchmark.CSharp/Benchmarks/Statistics/StatisticsBenchmarks.cs,
numpy.bincount,np,bincount,function,Statistics & histograms,available,op_matrix,managed,benchmark/NumSharp.Benchmark.CSharp/Benchmarks/Statistics/SignalStatisticsBenchmarks.cs,
numpy.bitwise_and,np,bitwise_and,ufunc,Math,available,op_matrix,managed,benchmark/NumSharp.Benchmark.CSharp/Benchmarks/Bitwise/BitwiseBenchmarks.cs,
numpy.bitwise_invert,np,bitwise_invert,ufunc,Math,available,covered_alias,managed,numpy.invert,Shares the exact compiled NumSharp target with a directly covered API.
numpy.bitwise_left_shift,np,bitwise_left_shift,ufunc,Math,available,covered_alias,managed,numpy.left_shift,Shares the exact compiled NumSharp target with a directly covered API.
numpy.bitwise_not,np,bitwise_not,ufunc,Math,available,op_matrix,managed,benchmark/NumSharp.Benchmark.CSharp/Benchmarks/Bitwise/BitwiseBenchmarks.cs,
numpy.bitwise_or,np,bitwise_or,ufunc,Math,available,op_matrix,managed,benchmark/NumSharp.Benchmark.CSharp/Benchmarks/Bitwise/BitwiseBenchmarks.cs,
numpy.bitwise_right_shift,np,bitwise_right_shift,ufunc,Math,available,covered_alias,managed,numpy.right_shift,Shares the exact compiled NumSharp target with a directly covered API.
numpy.bitwise_xor,np,bitwise_xor,ufunc,Math,available,op_matrix,managed,benchmark/NumSharp.Benchmark.CSharp/Benchmarks/Bitwise/BitwiseBenchmarks.cs,
numpy.block,np,block,function,Shape manipulation,available,op_matrix,managed,benchmark/NumSharp.Benchmark.CSharp/Benchmarks/Manipulation/ExtendedShapeBenchmarks.cs,
numpy.bmat,np,bmat,function,Linear algebra,available,missing,managed,,
numpy.broadcast_arrays,np,broadcast_arrays,function,Shape manipulation,available,op_matrix,managed,benchmark/NumSharp.Benchmark.CSharp/Benchmarks/Manipulation/ExtendedShapeBenchmarks.cs,
numpy.broadcast_to,np,broadcast_to,function,Shape manipulation,available,op_matrix,managed,benchmark/NumSharp.Benchmark.CSharp/Benchmarks/Broadcasting/BroadcastBenchmarks.cs; benchmark/NumSharp.Benchmark.CSharp/Benchmarks/Broadcasting/BroadcastBenchmarks.cs,
numpy.can_cast,np,can_cast,function,Dtype & promotion,available,op_matrix,managed,benchmark/NumSharp.Benchmark.CSharp/Benchmarks/ApiSurface/UtilityBenchmarks.cs,
numpy.cbrt,np,cbrt,ufunc,Math,available,op_matrix,managed,benchmark/NumSharp.Benchmark.CSharp/Benchmarks/Unary/UnaryExtraBenchmarks.cs,
numpy.ceil,np,ceil,ufunc,Math,available,op_matrix,managed,benchmark/NumSharp.Benchmark.CSharp/Benchmarks/Unary/MathBenchmarks.cs,
numpy.choose,np,choose,function,Indexing & selection,available,op_matrix,managed,benchmark/NumSharp.Benchmark.CSharp/Benchmarks/Selection/IndexingSelectionBenchmarks.cs,
numpy.clip,np,clip,function,Math,available,op_matrix,managed,benchmark/NumSharp.Benchmark.CSharp/Benchmarks/Unary/MathBenchmarks.cs,
numpy.column_stack,np,column_stack,function,Shape manipulation,available,op_matrix,managed,benchmark/NumSharp.Benchmark.CSharp/Benchmarks/Manipulation/ExtendedShapeBenchmarks.cs,
numpy.common_type,np,common_type,function,Dtype & promotion,available,op_matrix,managed,benchmark/NumSharp.Benchmark.CSharp/Benchmarks/ApiSurface/UtilityBenchmarks.cs,
numpy.compress,np,compress,function,Indexing & selection,available,op_matrix,managed,benchmark/NumSharp.Benchmark.CSharp/Benchmarks/Selection/IndexingSelectionBenchmarks.cs,
numpy.concat,np,concat,function,Shape manipulation,available,op_matrix,managed,benchmark/NumSharp.Benchmark.CSharp/Benchmarks/Manipulation/ExtendedShapeBenchmarks.cs,
numpy.concatenate,np,concatenate,function,Shape manipulation,available,op_matrix,managed,benchmark/NumSharp.Benchmark.CSharp/Benchmarks/Manipulation/StackBenchmarks.cs; benchmark/NumSharp.Benchmark.CSharp/Benchmarks/Manipulation/StackBenchmarks.cs; benchmark/NumSharp.Benchmark.CSharp/Benchmarks/Manipulation/StackBenchmarks.cs; benchmark/NumSharp.Benchmark.CSharp/Benchmarks/Manipulation/StackBenchmarks.cs,
numpy.conj,np,conj,ufunc,Math,available,op_matrix,managed,benchmark/NumSharp.Benchmark.CSharp/Benchmarks/Unary/UnaryFamilyBenchmarks.cs,
numpy.conjugate,np,conjugate,ufunc,Math,available,op_matrix,managed,benchmark/NumSharp.Benchmark.CSharp/Benchmarks/Unary/UnaryFamilyBenchmarks.cs,
numpy.convolve,np,convolve,function,Math,available,op_matrix,openblas_optional_sliding_dot,benchmark/NumSharp.Benchmark.CSharp/Benchmarks/Statistics/SignalStatisticsBenchmarks.cs,
numpy.copy,np,copy,function,Array creation,available,op_matrix,managed,benchmark/NumSharp.Benchmark.CSharp/Benchmarks/Creation/CreationBenchmarks.cs; benchmark/NumSharp.Benchmark.CSharp/Benchmarks/Slicing/SliceBenchmarks.cs,
numpy.copysign,np,copysign,ufunc,Math,available,missing,managed,,
numpy.copyto,np,copyto,function,Array metadata & memory,available,op_matrix,managed,benchmark/NumSharp.Benchmark.CSharp/Benchmarks/ApiSurface/UtilityBenchmarks.cs,
numpy.corrcoef,np,corrcoef,function,Statistics & histograms,available,op_matrix,managed,benchmark/NumSharp.Benchmark.CSharp/Benchmarks/Statistics/SignalStatisticsBenchmarks.cs,
numpy.correlate,np,correlate,function,Statistics & histograms,available,op_matrix,openblas_optional_sliding_dot,benchmark/NumSharp.Benchmark.CSharp/Benchmarks/Statistics/SignalStatisticsBenchmarks.cs,
numpy.cos,np,cos,ufunc,Math,available,op_matrix,managed,benchmark/NumSharp.Benchmark.CSharp/Benchmarks/Unary/TrigBenchmarks.cs,
numpy.cosh,np,cosh,ufunc,Math,available,op_matrix,managed,benchmark/NumSharp.Benchmark.CSharp/Benchmarks/Unary/UnaryFamilyBenchmarks.cs,
numpy.count_nonzero,np,count_nonzero,function,Reductions,available,op_matrix,managed,benchmark/NumSharp.Benchmark.CSharp/Benchmarks/Statistics/StatisticsBenchmarks.cs,
numpy.cov,np,cov,function,Statistics & histograms,available,op_matrix,managed,benchmark/NumSharp.Benchmark.CSharp/Benchmarks/Statistics/SignalStatisticsBenchmarks.cs,
numpy.cross,np,cross,function,Math,available,op_matrix,managed,benchmark/NumSharp.Benchmark.CSharp/Benchmarks/Statistics/SignalStatisticsBenchmarks.cs,
numpy.cumprod,np,cumprod,function,Reductions,available,op_matrix,managed,benchmark/NumSharp.Benchmark.CSharp/Benchmarks/Reduction/CumulativeBenchmarks.cs,
numpy.cumsum,np,cumsum,function,Reductions,available,op_matrix,managed,benchmark/NumSharp.Benchmark.CSharp/Benchmarks/Reduction/SumBenchmarks.cs,
numpy.cumulative_prod,np,cumulative_prod,function,Reductions,available,covered_alias,managed,numpy.cumprod,Shares the exact compiled NumSharp target with a directly covered API.
numpy.cumulative_sum,np,cumulative_sum,function,Reductions,available,covered_alias,managed,numpy.cumsum,Shares the exact compiled NumSharp target with a directly covered API.
numpy.deg2rad,np,deg2rad,ufunc,Math,available,op_matrix,managed,benchmark/NumSharp.Benchmark.CSharp/Benchmarks/Unary/UnaryFamilyBenchmarks.cs,
numpy.degrees,np,degrees,ufunc,Math,available,op_matrix,managed,benchmark/NumSharp.Benchmark.CSharp/Benchmarks/Unary/UnaryFamilyBenchmarks.cs,
numpy.delete,np,delete,function,Shape manipulation,available,op_matrix,managed,benchmark/NumSharp.Benchmark.CSharp/Benchmarks/Manipulation/ExtendedShapeBenchmarks.cs,
numpy.diag,np,diag,function,Linear algebra,available,op_matrix,managed,benchmark/NumSharp.Benchmark.CSharp/Benchmarks/Manipulation/DiagTriBenchmarks.cs; benchmark/NumSharp.Benchmark.CSharp/Benchmarks/Manipulation/DiagTriBenchmarks.cs,
numpy.diag_indices,np,diag_indices,function,Indexing & selection,available,op_matrix,managed,benchmark/NumSharp.Benchmark.CSharp/Benchmarks/Selection/IndexingSelectionBenchmarks.cs,
numpy.diag_indices_from,np,diag_indices_from,function,Indexing & selection,available,op_matrix,managed,benchmark/NumSharp.Benchmark.CSharp/Benchmarks/Selection/IndexingSelectionBenchmarks.cs,
numpy.diagflat,np,diagflat,function,Linear algebra,available,op_matrix,managed,benchmark/NumSharp.Benchmark.CSharp/Benchmarks/Manipulation/DiagTriBenchmarks.cs,
numpy.diagonal,np,diagonal,function,Linear algebra,available,op_matrix,managed,benchmark/NumSharp.Benchmark.CSharp/Benchmarks/LinearAlgebra/LinAlgBenchmarks.cs,
numpy.diff,np,diff,function,Math,available,op_matrix,managed,benchmark/NumSharp.Benchmark.CSharp/Benchmarks/Statistics/SignalStatisticsBenchmarks.cs,
numpy.digitize,np,digitize,function,Statistics & histograms,available,op_matrix,managed,benchmark/NumSharp.Benchmark.CSharp/Benchmarks/Statistics/SignalStatisticsBenchmarks.cs,
numpy.divide,np,divide,ufunc,Math,available,op_matrix,managed,benchmark/NumSharp.Benchmark.CSharp/Benchmarks/Arithmetic/DivideBenchmarks.cs,
numpy.dot,np,dot,function,Math,available,op_matrix,openblas_optional,benchmark/NumSharp.Benchmark.CSharp/Benchmarks/LinearAlgebra/LinAlgBenchmarks.cs,
numpy.dsplit,np,dsplit,function,Shape manipulation,available,op_matrix,managed,benchmark/NumSharp.Benchmark.CSharp/Benchmarks/Manipulation/ExtendedShapeBenchmarks.cs,
numpy.dstack,np,dstack,function,Shape manipulation,available,op_matrix,managed,benchmark/NumSharp.Benchmark.CSharp/Benchmarks/Manipulation/StackBenchmarks.cs,
numpy.ediff1d,np,ediff1d,function,Math,available,op_matrix,managed,benchmark/NumSharp.Benchmark.CSharp/Benchmarks/Statistics/SignalStatisticsBenchmarks.cs,
numpy.einsum,np,einsum,function,Linear algebra,available,op_matrix,openblas_optional_composed,benchmark/NumSharp.Benchmark.CSharp/Benchmarks/LinearAlgebra/LinAlgBenchmarks.cs,
numpy.einsum_path,np,einsum_path,function,Linear algebra,available,op_matrix,managed,benchmark/NumSharp.Benchmark.CSharp/Benchmarks/LinearAlgebra/LinAlgBenchmarks.cs,
numpy.empty,np,empty,function,Array creation,available,op_matrix,managed,benchmark/NumSharp.Benchmark.CSharp/Benchmarks/Creation/CreationBenchmarks.cs,
numpy.empty_like,np,empty_like,function,Array creation,available,op_matrix,managed,benchmark/NumSharp.Benchmark.CSharp/Benchmarks/Creation/CreationBenchmarks.cs,
numpy.equal,np,equal,ufunc,Logic & comparison,available,op_matrix,managed,benchmark/NumSharp.Benchmark.CSharp/Benchmarks/Comparison/ComparisonBenchmarks.cs,
numpy.exp,np,exp,ufunc,Math,available,op_matrix,managed,benchmark/NumSharp.Benchmark.CSharp/Benchmarks/Unary/ExpLogBenchmarks.cs,
numpy.exp2,np,exp2,ufunc,Math,available,op_matrix,managed,benchmark/NumSharp.Benchmark.CSharp/Benchmarks/Unary/ExpLogBenchmarks.cs,
numpy.expand_dims,np,expand_dims,function,Shape manipulation,available,op_matrix,managed,benchmark/NumSharp.Benchmark.CSharp/Benchmarks/Manipulation/DimsBenchmarks.cs; benchmark/NumSharp.Benchmark.CSharp/Benchmarks/Manipulation/DimsBenchmarks.cs; benchmark/NumSharp.Benchmark.CSharp/Benchmarks/Manipulation/DimsBenchmarks.cs,
numpy.expm1,np,expm1,ufunc,Math,available,op_matrix,managed,benchmark/NumSharp.Benchmark.CSharp/Benchmarks/Unary/ExpLogBenchmarks.cs,
numpy.extract,np,extract,function,Indexing & selection,available,op_matrix,managed,benchmark/NumSharp.Benchmark.CSharp/Benchmarks/Selection/IndexingSelectionBenchmarks.cs,
numpy.eye,np,eye,function,Array creation,available,op_matrix,managed,benchmark/NumSharp.Benchmark.CSharp/Benchmarks/Creation/ConversionCreationBenchmarks.cs,
numpy.fft.fft,fft,fft,function,Fourier transforms,available,op_matrix,managed,benchmark/NumSharp.Benchmark.CSharp/Benchmarks/Fourier/FftBenchmarks.cs,
numpy.fft.fft2,fft,fft2,function,Fourier transforms,available,op_matrix,managed,benchmark/NumSharp.Benchmark.CSharp/Benchmarks/Fourier/FftBenchmarks.cs,
numpy.fft.fftfreq,fft,fftfreq,function,Fourier transforms,available,op_matrix,managed,benchmark/NumSharp.Benchmark.CSharp/Benchmarks/Fourier/FftBenchmarks.cs,
numpy.fft.fftn,fft,fftn,function,Fourier transforms,available,op_matrix,managed,benchmark/NumSharp.Benchmark.CSharp/Benchmarks/Fourier/FftBenchmarks.cs,
numpy.fft.fftshift,fft,fftshift,function,Fourier transforms,available,op_matrix,managed,benchmark/NumSharp.Benchmark.CSharp/Benchmarks/Fourier/FftBenchmarks.cs,
numpy.fft.hfft,fft,hfft,function,Fourier transforms,available,op_matrix,managed,benchmark/NumSharp.Benchmark.CSharp/Benchmarks/Fourier/FftBenchmarks.cs,
numpy.fft.ifft,fft,ifft,function,Fourier transforms,available,op_matrix,managed,benchmark/NumSharp.Benchmark.CSharp/Benchmarks/Fourier/FftBenchmarks.cs,
numpy.fft.ifft2,fft,ifft2,function,Fourier transforms,available,op_matrix,managed,benchmark/NumSharp.Benchmark.CSharp/Benchmarks/Fourier/FftBenchmarks.cs,
numpy.fft.ifftn,fft,ifftn,function,Fourier transforms,available,op_matrix,managed,benchmark/NumSharp.Benchmark.CSharp/Benchmarks/Fourier/FftBenchmarks.cs,
numpy.fft.ifftshift,fft,ifftshift,function,Fourier transforms,available,op_matrix,managed,benchmark/NumSharp.Benchmark.CSharp/Benchmarks/Fourier/FftBenchmarks.cs,
numpy.fft.ihfft,fft,ihfft,function,Fourier transforms,available,op_matrix,managed,benchmark/NumSharp.Benchmark.CSharp/Benchmarks/Fourier/FftBenchmarks.cs,
numpy.fft.irfft,fft,irfft,function,Fourier transforms,available,op_matrix,managed,benchmark/NumSharp.Benchmark.CSharp/Benchmarks/Fourier/FftBenchmarks.cs,
numpy.fft.irfft2,fft,irfft2,function,Fourier transforms,available,op_matrix,managed,benchmark/NumSharp.Benchmark.CSharp/Benchmarks/Fourier/FftBenchmarks.cs,
numpy.fft.irfftn,fft,irfftn,function,Fourier transforms,available,op_matrix,managed,benchmark/NumSharp.Benchmark.CSharp/Benchmarks/Fourier/FftBenchmarks.cs,
numpy.fft.rfft,fft,rfft,function,Fourier transforms,available,op_matrix,managed,benchmark/NumSharp.Benchmark.CSharp/Benchmarks/Fourier/FftBenchmarks.cs,
numpy.fft.rfft2,fft,rfft2,function,Fourier transforms,available,op_matrix,managed,benchmark/NumSharp.Benchmark.CSharp/Benchmarks/Fourier/FftBenchmarks.cs,
numpy.fft.rfftfreq,fft,rfftfreq,function,Fourier transforms,available,op_matrix,managed,benchmark/NumSharp.Benchmark.CSharp/Benchmarks/Fourier/FftBenchmarks.cs,
numpy.fft.rfftn,fft,rfftn,function,Fourier transforms,available,op_matrix,managed,benchmark/NumSharp.Benchmark.CSharp/Benchmarks/Fourier/FftBenchmarks.cs,
numpy.fill_diagonal,np,fill_diagonal,function,Linear algebra,available,op_matrix,managed,benchmark/NumSharp.Benchmark.CSharp/Benchmarks/Manipulation/DiagTriBenchmarks.cs,
numpy.flatnonzero,np,flatnonzero,function,Sorting & searching,available,op_matrix,managed,benchmark/NumSharp.Benchmark.CSharp/Benchmarks/Sorting/ExtendedSortingBenchmarks.cs,
numpy.flip,np,flip,function,Shape manipulation,available,op_matrix,managed,benchmark/NumSharp.Benchmark.CSharp/Benchmarks/Manipulation/FlipRotBenchmarks.cs,
numpy.fliplr,np,fliplr,function,Shape manipulation,available,op_matrix,managed,benchmark/NumSharp.Benchmark.CSharp/Benchmarks/Manipulation/FlipRotBenchmarks.cs,
numpy.flipud,np,flipud,function,Shape manipulation,available,op_matrix,managed,benchmark/NumSharp.Benchmark.CSharp/Benchmarks/Manipulation/FlipRotBenchmarks.cs,
numpy.floor,np,floor,ufunc,Math,available,op_matrix,managed,benchmark/NumSharp.Benchmark.CSharp/Benchmarks/Unary/MathBenchmarks.cs,
numpy.floor_divide,np,floor_divide,ufunc,Math,available,op_matrix,managed,benchmark/NumSharp.Benchmark.CSharp/Benchmarks/Arithmetic/DivideBenchmarks.cs,
numpy.fmax,np,fmax,ufunc,Logic & comparison,available,op_matrix,managed,benchmark/NumSharp.Benchmark.CSharp/Benchmarks/Logic/LogicBenchmarks.cs,
numpy.fmin,np,fmin,ufunc,Logic & comparison,available,op_matrix,managed,benchmark/NumSharp.Benchmark.CSharp/Benchmarks/Logic/LogicBenchmarks.cs,
numpy.format_float_positional,np,format_float_positional,function,Text & formatting,available,op_matrix,managed,benchmark/NumSharp.Benchmark.CSharp/Benchmarks/ApiSurface/UtilityBenchmarks.cs,
numpy.format_float_scientific,np,format_float_scientific,function,Text & formatting,available,op_matrix,managed,benchmark/NumSharp.Benchmark.CSharp/Benchmarks/ApiSurface/UtilityBenchmarks.cs,
numpy.frombuffer,np,frombuffer,function,Array creation,available,op_matrix,managed,benchmark/NumSharp.Benchmark.CSharp/Benchmarks/Creation/ConversionCreationBenchmarks.cs,
numpy.fromfile,np,fromfile,function,Array creation,available,op_matrix,managed,benchmark/NumSharp.Benchmark.CSharp/Benchmarks/ApiSurface/IoBenchmarks.cs,
numpy.fromstring,np,fromstring,function,Array creation,available,op_matrix,managed,benchmark/NumSharp.Benchmark.CSharp/Benchmarks/Creation/ConversionCreationBenchmarks.cs,
numpy.full,np,full,function,Array creation,available,op_matrix,managed,benchmark/NumSharp.Benchmark.CSharp/Benchmarks/Creation/CreationBenchmarks.cs,
numpy.full_like,np,full_like,function,Array creation,available,op_matrix,managed,benchmark/NumSharp.Benchmark.CSharp/Benchmarks/Creation/CreationBenchmarks.cs,
numpy.get_printoptions,np,get_printoptions,function,Text & formatting,available,op_matrix,managed,benchmark/NumSharp.Benchmark.CSharp/Benchmarks/ApiSurface/UtilityBenchmarks.cs,
numpy.getbufsize,np,getbufsize,function,Floating-point handling,available,missing,managed,,
numpy.greater,np,greater,ufunc,Logic & comparison,available,op_matrix,managed,benchmark/NumSharp.Benchmark.CSharp/Benchmarks/Comparison/ComparisonBenchmarks.cs,
numpy.greater_equal,np,greater_equal,ufunc,Logic & comparison,available,op_matrix,managed,benchmark/NumSharp.Benchmark.CSharp/Benchmarks/Comparison/ComparisonBenchmarks.cs,
numpy.hsplit,np,hsplit,function,Shape manipulation,available,op_matrix,managed,benchmark/NumSharp.Benchmark.CSharp/Benchmarks/Manipulation/ExtendedShapeBenchmarks.cs,
numpy.hstack,np,hstack,function,Shape manipulation,available,op_matrix,managed,benchmark/NumSharp.Benchmark.CSharp/Benchmarks/Manipulation/StackBenchmarks.cs,
numpy.identity,np,identity,function,Array creation,available,op_matrix,managed,benchmark/NumSharp.Benchmark.CSharp/Benchmarks/Creation/ConversionCreationBenchmarks.cs,
numpy.imag,np,imag,function,Math,available,op_matrix,managed,benchmark/NumSharp.Benchmark.CSharp/Benchmarks/Unary/UnaryFamilyBenchmarks.cs,
numpy.indices,np,indices,function,Indexing & selection,available,op_matrix,managed,benchmark/NumSharp.Benchmark.CSharp/Benchmarks/Selection/IndexingSelectionBenchmarks.cs,
numpy.inner,np,inner,function,Math,available,op_matrix,openblas_optional,benchmark/NumSharp.Benchmark.CSharp/Benchmarks/Statistics/SignalStatisticsBenchmarks.cs,
numpy.insert,np,insert,function,Shape manipulation,available,op_matrix,managed,benchmark/NumSharp.Benchmark.CSharp/Benchmarks/Manipulation/ExtendedShapeBenchmarks.cs,
numpy.interp,np,interp,function,Math,available,missing,managed,,
numpy.intersect1d,np,intersect1d,function,Set operations,available,op_matrix,managed,benchmark/NumSharp.Benchmark.CSharp/Benchmarks/Manipulation/SetOperationBenchmarks.cs,
numpy.invert,np,invert,ufunc,Math,available,op_matrix,managed,benchmark/NumSharp.Benchmark.CSharp/Benchmarks/Bitwise/BitwiseBenchmarks.cs,
numpy.isclose,np,isclose,function,Logic & comparison,available,op_matrix,managed,benchmark/NumSharp.Benchmark.CSharp/Benchmarks/Logic/LogicBenchmarks.cs,
numpy.iscomplex,np,iscomplex,function,Logic & comparison,available,op_matrix,managed,benchmark/NumSharp.Benchmark.CSharp/Benchmarks/Logic/LogicBenchmarks.cs,
numpy.iscomplexobj,np,iscomplexobj,function,Logic & comparison,available,op_matrix,managed,benchmark/NumSharp.Benchmark.CSharp/Benchmarks/Logic/LogicBenchmarks.cs,
numpy.isdtype,np,isdtype,function,Dtype & promotion,available,op_matrix,managed,benchmark/NumSharp.Benchmark.CSharp/Benchmarks/ApiSurface/UtilityBenchmarks.cs,
numpy.isfinite,np,isfinite,ufunc,Logic & comparison,available,op_matrix,managed,benchmark/NumSharp.Benchmark.CSharp/Benchmarks/Logic/LogicBenchmarks.cs,
numpy.isfortran,np,isfortran,function,Logic & comparison,available,op_matrix,managed,benchmark/NumSharp.Benchmark.CSharp/Benchmarks/Logic/LogicBenchmarks.cs,
numpy.isin,np,isin,function,Set operations,available,op_matrix,managed,benchmark/NumSharp.Benchmark.CSharp/Benchmarks/Manipulation/SetOperationBenchmarks.cs,
numpy.isinf,np,isinf,ufunc,Logic & comparison,available,op_matrix,managed,benchmark/NumSharp.Benchmark.CSharp/Benchmarks/Logic/LogicBenchmarks.cs,
numpy.isnan,np,isnan,ufunc,Logic & comparison,available,op_matrix,managed,benchmark/NumSharp.Benchmark.CSharp/Benchmarks/Logic/LogicBenchmarks.cs,
numpy.isneginf,np,isneginf,function,Logic & comparison,available,missing,managed,,
numpy.isposinf,np,isposinf,function,Logic & comparison,available,missing,managed,,
numpy.isreal,np,isreal,function,Logic & comparison,available,op_matrix,managed,benchmark/NumSharp.Benchmark.CSharp/Benchmarks/Logic/LogicBenchmarks.cs,
numpy.isrealobj,np,isrealobj,function,Logic & comparison,available,op_matrix,managed,benchmark/NumSharp.Benchmark.CSharp/Benchmarks/Logic/LogicBenchmarks.cs,
numpy.isscalar,np,isscalar,function,Logic & comparison,available,op_matrix,managed,benchmark/NumSharp.Benchmark.CSharp/Benchmarks/Logic/LogicBenchmarks.cs,
numpy.issubdtype,np,issubdtype,function,Dtype & promotion,available,op_matrix,managed,benchmark/NumSharp.Benchmark.CSharp/Benchmarks/ApiSurface/UtilityBenchmarks.cs,
numpy.iterable,np,iterable,function,Array metadata & memory,available,op_matrix,managed,benchmark/NumSharp.Benchmark.CSharp/Benchmarks/ApiSurface/UtilityBenchmarks.cs,
numpy.ix_,np,ix_,function,Indexing & selection,available,op_matrix,managed,benchmark/NumSharp.Benchmark.CSharp/Benchmarks/Manipulation/IndexTricksBenchmarks.cs,
numpy.kron,np,kron,function,Math,available,op_matrix,managed,benchmark/NumSharp.Benchmark.CSharp/Benchmarks/Statistics/SignalStatisticsBenchmarks.cs,
numpy.left_shift,np,left_shift,ufunc,Math,available,op_matrix,managed,benchmark/NumSharp.Benchmark.CSharp/Benchmarks/Bitwise/BitwiseBenchmarks.cs,
numpy.less,np,less,ufunc,Logic & comparison,available,op_matrix,managed,benchmark/NumSharp.Benchmark.CSharp/Benchmarks/Comparison/ComparisonBenchmarks.cs,
numpy.less_equal,np,less_equal,ufunc,Logic & comparison,available,op_matrix,managed,benchmark/NumSharp.Benchmark.CSharp/Benchmarks/Comparison/ComparisonBenchmarks.cs,
numpy.lexsort,np,lexsort,function,Sorting & searching,available,op_matrix,managed,benchmark/NumSharp.Benchmark.CSharp/Benchmarks/Sorting/ExtendedSortingBenchmarks.cs,
numpy.linalg.cholesky,linalg,cholesky,function,Linear algebra,available,subsystem,openblas_required,benchmark/backends/backend_profile_bench.cs,
numpy.linalg.cond,linalg,cond,function,Linear algebra,available,subsystem,openblas_required_composed,benchmark/backends/backend_profile_bench.cs,
numpy.linalg.cross,linalg,cross,function,Linear algebra,available,op_matrix,managed,benchmark/NumSharp.Benchmark.CSharp/Benchmarks/LinearAlgebra/LinalgApiBenchmarks.cs,
numpy.linalg.det,linalg,det,function,Linear algebra,available,subsystem,openblas_required,benchmark/backends/backend_profile_bench.cs,
numpy.linalg.diagonal,linalg,diagonal,function,Linear algebra,available,op_matrix,managed,benchmark/NumSharp.Benchmark.CSharp/Benchmarks/LinearAlgebra/LinalgApiBenchmarks.cs,
numpy.linalg.eig,linalg,eig,function,Linear algebra,available,subsystem,openblas_required,benchmark/backends/backend_profile_bench.cs,
numpy.linalg.eigh,linalg,eigh,function,Linear algebra,available,subsystem,openblas_required,benchmark/backends/backend_profile_bench.cs,
numpy.linalg.eigvals,linalg,eigvals,function,Linear algebra,available,subsystem,openblas_required,benchmark/backends/backend_profile_bench.cs,
numpy.linalg.eigvalsh,linalg,eigvalsh,function,Linear algebra,available,subsystem,openblas_required,benchmark/backends/backend_profile_bench.cs,
numpy.linalg.inv,linalg,inv,function,Linear algebra,available,subsystem,openblas_required,benchmark/backends/backend_profile_bench.cs,
numpy.linalg.lstsq,linalg,lstsq,function,Linear algebra,available,subsystem,openblas_required,benchmark/backends/backend_profile_bench.cs,
numpy.linalg.matmul,linalg,matmul,function,Linear algebra,available,op_matrix,openblas_optional,benchmark/NumSharp.Benchmark.CSharp/Benchmarks/LinearAlgebra/LinalgApiBenchmarks.cs,
numpy.linalg.matrix_norm,linalg,matrix_norm,function,Linear algebra,available,op_matrix,openblas_hybrid,benchmark/NumSharp.Benchmark.CSharp/Benchmarks/LinearAlgebra/LinalgApiBenchmarks.cs,
numpy.linalg.matrix_power,linalg,matrix_power,function,Linear algebra,available,op_matrix,openblas_hybrid,benchmark/NumSharp.Benchmark.CSharp/Benchmarks/LinearAlgebra/LinalgApiBenchmarks.cs,
numpy.linalg.matrix_rank,linalg,matrix_rank,function,Linear algebra,available,subsystem,openblas_required_composed,benchmark/backends/backend_profile_bench.cs,
numpy.linalg.matrix_transpose,linalg,matrix_transpose,function,Linear algebra,available,op_matrix,managed,benchmark/NumSharp.Benchmark.CSharp/Benchmarks/LinearAlgebra/LinalgApiBenchmarks.cs,
numpy.linalg.multi_dot,linalg,multi_dot,function,Linear algebra,available,op_matrix,openblas_optional_composed,benchmark/NumSharp.Benchmark.CSharp/Benchmarks/LinearAlgebra/LinalgApiBenchmarks.cs,
numpy.linalg.norm,linalg,norm,function,Linear algebra,available,op_matrix,openblas_hybrid,benchmark/NumSharp.Benchmark.CSharp/Benchmarks/LinearAlgebra/LinalgApiBenchmarks.cs,
numpy.linalg.outer,linalg,outer,function,Linear algebra,available,op_matrix,managed,benchmark/NumSharp.Benchmark.CSharp/Benchmarks/LinearAlgebra/LinalgApiBenchmarks.cs,
numpy.linalg.pinv,linalg,pinv,function,Linear algebra,available,subsystem,openblas_required_composed,benchmark/backends/backend_profile_bench.cs,
numpy.linalg.qr,linalg,qr,function,Linear algebra,available,subsystem,openblas_required,benchmark/backends/backend_profile_bench.cs,
numpy.linalg.slogdet,linalg,slogdet,function,Linear algebra,available,subsystem,openblas_required,benchmark/backends/backend_profile_bench.cs,
numpy.linalg.solve,linalg,solve,function,Linear algebra,available,subsystem,openblas_required,benchmark/backends/backend_profile_bench.cs,
numpy.linalg.svd,linalg,svd,function,Linear algebra,available,subsystem,openblas_required,benchmark/backends/backend_profile_bench.cs,
numpy.linalg.svdvals,linalg,svdvals,function,Linear algebra,available,subsystem,openblas_required,benchmark/backends/backend_profile_bench.cs,
numpy.linalg.tensordot,linalg,tensordot,function,Linear algebra,available,op_matrix,openblas_optional_composed,benchmark/NumSharp.Benchmark.CSharp/Benchmarks/LinearAlgebra/LinalgApiBenchmarks.cs,
numpy.linalg.tensorinv,linalg,tensorinv,function,Linear algebra,available,subsystem,openblas_required_composed,benchmark/backends/backend_profile_bench.cs,
numpy.linalg.tensorsolve,linalg,tensorsolve,function,Linear algebra,available,subsystem,openblas_required_composed,benchmark/backends/backend_profile_bench.cs,
numpy.linalg.trace,linalg,trace,function,Linear algebra,available,op_matrix,managed,benchmark/NumSharp.Benchmark.CSharp/Benchmarks/LinearAlgebra/LinalgApiBenchmarks.cs,
numpy.linalg.vecdot,linalg,vecdot,function,Linear algebra,available,op_matrix,openblas_optional,benchmark/NumSharp.Benchmark.CSharp/Benchmarks/LinearAlgebra/LinalgApiBenchmarks.cs,
numpy.linalg.vector_norm,linalg,vector_norm,function,Linear algebra,available,op_matrix,managed,benchmark/NumSharp.Benchmark.CSharp/Benchmarks/LinearAlgebra/LinalgApiBenchmarks.cs,
numpy.linspace,np,linspace,function,Array creation,available,op_matrix,managed,benchmark/NumSharp.Benchmark.CSharp/Benchmarks/Creation/CreationBenchmarks.cs,
numpy.load,np,load,function,Input & output,available,op_matrix,managed,benchmark/NumSharp.Benchmark.CSharp/Benchmarks/ApiSurface/IoBenchmarks.cs,
numpy.loadtxt,np,loadtxt,function,Array creation,available,op_matrix,managed,benchmark/NumSharp.Benchmark.CSharp/Benchmarks/ApiSurface/IoBenchmarks.cs,
numpy.log,np,log,ufunc,Math,available,op_matrix,managed,benchmark/NumSharp.Benchmark.CSharp/Benchmarks/Unary/ExpLogBenchmarks.cs,
numpy.log10,np,log10,ufunc,Math,available,op_matrix,managed,benchmark/NumSharp.Benchmark.CSharp/Benchmarks/Unary/ExpLogBenchmarks.cs,
numpy.log1p,np,log1p,ufunc,Math,available,op_matrix,managed,benchmark/NumSharp.Benchmark.CSharp/Benchmarks/Unary/ExpLogBenchmarks.cs,
numpy.log2,np,log2,ufunc,Math,available,op_matrix,managed,benchmark/NumSharp.Benchmark.CSharp/Benchmarks/Unary/ExpLogBenchmarks.cs,
numpy.logaddexp,np,logaddexp,ufunc,Math,available,missing,managed,,
numpy.logaddexp2,np,logaddexp2,ufunc,Math,available,missing,managed,,
numpy.logical_and,np,logical_and,ufunc,Logic & comparison,available,op_matrix,managed,benchmark/NumSharp.Benchmark.CSharp/Benchmarks/Logic/LogicBenchmarks.cs,
numpy.logical_not,np,logical_not,ufunc,Logic & comparison,available,op_matrix,managed,benchmark/NumSharp.Benchmark.CSharp/Benchmarks/Logic/LogicBenchmarks.cs,
numpy.logical_or,np,logical_or,ufunc,Logic & comparison,available,op_matrix,managed,benchmark/NumSharp.Benchmark.CSharp/Benchmarks/Logic/LogicBenchmarks.cs,
numpy.logical_xor,np,logical_xor,ufunc,Logic & comparison,available,op_matrix,managed,benchmark/NumSharp.Benchmark.CSharp/Benchmarks/Logic/LogicBenchmarks.cs,
numpy.mask_indices,np,mask_indices,function,Indexing & selection,available,op_matrix,managed,benchmark/NumSharp.Benchmark.CSharp/Benchmarks/Selection/IndexingSelectionBenchmarks.cs,
numpy.matmul,np,matmul,ufunc,Math,available,op_matrix,openblas_optional,benchmark/NumSharp.Benchmark.CSharp/Benchmarks/LinearAlgebra/LinAlgBenchmarks.cs,
numpy.matrix_transpose,np,matrix_transpose,function,Shape manipulation,available,op_matrix,managed,benchmark/NumSharp.Benchmark.CSharp/Benchmarks/Manipulation/FlipRotBenchmarks.cs,
numpy.matvec,np,matvec,ufunc,Linear algebra,available,op_matrix,openblas_optional,benchmark/NumSharp.Benchmark.CSharp/Benchmarks/LinearAlgebra/LinAlgBenchmarks.cs,
numpy.max,np,max,function,Reductions,available,op_matrix,managed,benchmark/NumSharp.Benchmark.CSharp/Benchmarks/Reduction/MinMaxBenchmarks.cs,
numpy.maximum,np,maximum,ufunc,Logic & comparison,available,op_matrix,managed,benchmark/NumSharp.Benchmark.CSharp/Benchmarks/Logic/LogicBenchmarks.cs,
numpy.mean,np,mean,function,Reductions,available,op_matrix,managed,benchmark/NumSharp.Benchmark.CSharp/Benchmarks/Reduction/MeanBenchmarks.cs; benchmark/NumSharp.Benchmark.CSharp/Benchmarks/Reduction/MeanBenchmarks.cs; benchmark/NumSharp.Benchmark.CSharp/Benchmarks/Reduction/MeanBenchmarks.cs,
numpy.median,np,median,function,Reductions,available,op_matrix,managed,benchmark/NumSharp.Benchmark.CSharp/Benchmarks/Statistics/StatisticsBenchmarks.cs,
numpy.meshgrid,np,meshgrid,function,Array creation,available,op_matrix,managed,benchmark/NumSharp.Benchmark.CSharp/Benchmarks/Creation/ConversionCreationBenchmarks.cs,
numpy.min,np,min,function,Reductions,available,op_matrix,managed,benchmark/NumSharp.Benchmark.CSharp/Benchmarks/Reduction/MinMaxBenchmarks.cs,
numpy.min_scalar_type,np,min_scalar_type,function,Dtype & promotion,available,op_matrix,managed,benchmark/NumSharp.Benchmark.CSharp/Benchmarks/ApiSurface/UtilityBenchmarks.cs,
numpy.minimum,np,minimum,ufunc,Logic & comparison,available,op_matrix,managed,benchmark/NumSharp.Benchmark.CSharp/Benchmarks/Logic/LogicBenchmarks.cs,
numpy.mintypecode,np,mintypecode,function,Dtype & promotion,available,op_matrix,managed,benchmark/NumSharp.Benchmark.CSharp/Benchmarks/ApiSurface/UtilityBenchmarks.cs,
numpy.mod,np,mod,ufunc,Math,available,op_matrix,managed,benchmark/NumSharp.Benchmark.CSharp/Benchmarks/Arithmetic/ModuloBenchmarks.cs,
numpy.modf,np,modf,ufunc,Math,available,op_matrix,managed,benchmark/NumSharp.Benchmark.CSharp/Benchmarks/Unary/UnaryFamilyBenchmarks.cs,
numpy.moveaxis,np,moveaxis,function,Shape manipulation,available,op_matrix,managed,benchmark/NumSharp.Benchmark.CSharp/Benchmarks/Manipulation/DimsBenchmarks.cs,
numpy.multiply,np,multiply,ufunc,Math,available,op_matrix,managed,benchmark/NumSharp.Benchmark.CSharp/Benchmarks/Arithmetic/MultiplyBenchmarks.cs,
numpy.nan_to_num,np,nan_to_num,function,Floating-point handling,available,missing,managed,,
numpy.nanargmax,np,nanargmax,function,Reductions,available,op_matrix,managed,benchmark/NumSharp.Benchmark.CSharp/Benchmarks/Reduction/NanReductionBenchmarks.cs,
numpy.nanargmin,np,nanargmin,function,Reductions,available,op_matrix,managed,benchmark/NumSharp.Benchmark.CSharp/Benchmarks/Reduction/NanReductionBenchmarks.cs,
numpy.nancumprod,np,nancumprod,function,Reductions,available,missing,managed,,
numpy.nancumsum,np,nancumsum,function,Reductions,available,missing,managed,,
numpy.nanmax,np,nanmax,function,Reductions,available,op_matrix,managed,benchmark/NumSharp.Benchmark.CSharp/Benchmarks/Reduction/NanReductionBenchmarks.cs,
numpy.nanmean,np,nanmean,function,Reductions,available,op_matrix,managed,benchmark/NumSharp.Benchmark.CSharp/Benchmarks/Reduction/NanReductionBenchmarks.cs,
numpy.nanmedian,np,nanmedian,function,Reductions,available,op_matrix,managed,benchmark/NumSharp.Benchmark.CSharp/Benchmarks/Reduction/NanReductionBenchmarks.cs,
numpy.nanmin,np,nanmin,function,Reductions,available,op_matrix,managed,benchmark/NumSharp.Benchmark.CSharp/Benchmarks/Reduction/NanReductionBenchmarks.cs,
numpy.nanpercentile,np,nanpercentile,function,Reductions,available,op_matrix,managed,benchmark/NumSharp.Benchmark.CSharp/Benchmarks/Reduction/NanReductionBenchmarks.cs,
numpy.nanprod,np,nanprod,function,Reductions,available,op_matrix,managed,benchmark/NumSharp.Benchmark.CSharp/Benchmarks/Reduction/NanReductionBenchmarks.cs,
numpy.nanquantile,np,nanquantile,function,Reductions,available,op_matrix,managed,benchmark/NumSharp.Benchmark.CSharp/Benchmarks/Reduction/NanReductionBenchmarks.cs,
numpy.nanstd,np,nanstd,function,Reductions,available,op_matrix,managed,benchmark/NumSharp.Benchmark.CSharp/Benchmarks/Reduction/NanReductionBenchmarks.cs,
numpy.nansum,np,nansum,function,Reductions,available,op_matrix,managed,benchmark/NumSharp.Benchmark.CSharp/Benchmarks/Reduction/NanReductionBenchmarks.cs,
numpy.nanvar,np,nanvar,function,Reductions,available,op_matrix,managed,benchmark/NumSharp.Benchmark.CSharp/Benchmarks/Reduction/NanReductionBenchmarks.cs,
numpy.ndarray.T,ndarray,T,property,Array attributes,available,op_matrix,managed,benchmark/NumSharp.Benchmark.CSharp/Benchmarks/Manipulation/ReshapeBenchmarks.cs,
numpy.ndarray.all,ndarray,all,method,Reductions,available,op_matrix,managed,benchmark/NumSharp.Benchmark.CSharp/Benchmarks/NDArrayApi/NDArrayMethodBenchmarks.cs,
numpy.ndarray.any,ndarray,any,method,Reductions,available,op_matrix,managed,benchmark/NumSharp.Benchmark.CSharp/Benchmarks/NDArrayApi/NDArrayMethodBenchmarks.cs,
numpy.ndarray.argmax,ndarray,argmax,method,Reductions,available,op_matrix,managed,benchmark/NumSharp.Benchmark.CSharp/Benchmarks/NDArrayApi/NDArrayMethodBenchmarks.cs,
numpy.ndarray.argmin,ndarray,argmin,method,Reductions,available,op_matrix,managed,benchmark/NumSharp.Benchmark.CSharp/Benchmarks/NDArrayApi/NDArrayMethodBenchmarks.cs,
numpy.ndarray.argpartition,ndarray,argpartition,method,Sorting & searching,available,op_matrix,managed,benchmark/NumSharp.Benchmark.CSharp/Benchmarks/NDArrayApi/NDArrayMethodBenchmarks.cs,
numpy.ndarray.argsort,ndarray,argsort,method,Sorting & searching,available,op_matrix,managed,benchmark/NumSharp.Benchmark.CSharp/Benchmarks/NDArrayApi/NDArrayMethodBenchmarks.cs,
numpy.ndarray.astype,ndarray,astype,method,Array methods,available,subsystem,managed,benchmark/cast/cast_matrix_bench.cs,The cast subsystem invokes ndarray.astype directly.
numpy.ndarray.base,ndarray,base,property,Array attributes,available,excluded,managed,,Attribute access has no size-dependent array kernel; cross-language timing is dispatch noise.
numpy.ndarray.byteswap,ndarray,byteswap,method,Array methods,available,op_matrix,managed,benchmark/NumSharp.Benchmark.CSharp/Benchmarks/Manipulation/ByteswapBenchmarks.cs,"The historical description says np.byteswap(a), but the measured call is ndarray.byteswap()."
numpy.ndarray.choose,ndarray,choose,method,Array methods,available,op_matrix,managed,benchmark/NumSharp.Benchmark.CSharp/Benchmarks/NDArrayApi/NDArrayMethodBenchmarks.cs,
numpy.ndarray.clip,ndarray,clip,method,Array methods,available,op_matrix,managed,benchmark/NumSharp.Benchmark.CSharp/Benchmarks/NDArrayApi/NDArrayMethodBenchmarks.cs,
numpy.ndarray.compress,ndarray,compress,method,Array methods,available,op_matrix,managed,benchmark/NumSharp.Benchmark.CSharp/Benchmarks/NDArrayApi/NDArrayMethodBenchmarks.cs,
numpy.ndarray.conj,ndarray,conj,method,Array methods,available,op_matrix,managed,benchmark/NumSharp.Benchmark.CSharp/Benchmarks/NDArrayApi/NDArrayMethodBenchmarks.cs,
numpy.ndarray.conjugate,ndarray,conjugate,method,Array methods,available,op_matrix,managed,benchmark/NumSharp.Benchmark.CSharp/Benchmarks/NDArrayApi/NDArrayMethodBenchmarks.cs,
numpy.ndarray.copy,ndarray,copy,method,Array methods,available,op_matrix,managed,benchmark/NumSharp.Benchmark.CSharp/Benchmarks/Creation/CreationBenchmarks.cs,
numpy.ndarray.cumprod,ndarray,cumprod,method,Reductions,available,op_matrix,managed,benchmark/NumSharp.Benchmark.CSharp/Benchmarks/NDArrayApi/NDArrayMethodBenchmarks.cs,
numpy.ndarray.cumsum,ndarray,cumsum,method,Reductions,available,op_matrix,managed,benchmark/NumSharp.Benchmark.CSharp/Benchmarks/NDArrayApi/NDArrayMethodBenchmarks.cs,
numpy.ndarray.data,ndarray,data,property,Array attributes,partial,excluded,managed,,Attribute access has no size-dependent array kernel; cross-language timing is dispatch noise.
numpy.ndarray.device,ndarray,device,property,Array attributes,available,excluded,managed,,Attribute access has no size-dependent array kernel; cross-language timing is dispatch noise.
numpy.ndarray.diagonal,ndarray,diagonal,method,Array methods,available,op_matrix,managed,benchmark/NumSharp.Benchmark.CSharp/Benchmarks/NDArrayApi/NDArrayMethodBenchmarks.cs,
numpy.ndarray.dot,ndarray,dot,method,Array methods,available,op_matrix,openblas_optional,benchmark/NumSharp.Benchmark.CSharp/Benchmarks/NDArrayApi/NDArrayMethodBenchmarks.cs,
numpy.ndarray.dtype,ndarray,dtype,property,Array attributes,available,excluded,managed,,Attribute access has no size-dependent array kernel; cross-language timing is dispatch noise.
numpy.ndarray.fill,ndarray,fill,method,Array methods,available,op_matrix,managed,benchmark/NumSharp.Benchmark.CSharp/Benchmarks/NDArrayApi/NDArrayMethodBenchmarks.cs,
numpy.ndarray.flags,ndarray,flags,property,Array attributes,available,excluded,managed,,Attribute access has no size-dependent array kernel; cross-language timing is dispatch noise.
numpy.ndarray.flat,ndarray,flat,property,Array attributes,available,excluded,managed,,Attribute access has no size-dependent array kernel; cross-language timing is dispatch noise.
numpy.ndarray.flatten,ndarray,flatten,method,Array methods,available,op_matrix,managed,benchmark/NumSharp.Benchmark.CSharp/Benchmarks/Manipulation/ReshapeBenchmarks.cs,
numpy.ndarray.getfield,ndarray,getfield,method,Array methods,available,op_matrix,managed,benchmark/NumSharp.Benchmark.CSharp/Benchmarks/NDArrayApi/NDArrayMethodBenchmarks.cs,
numpy.ndarray.imag,ndarray,imag,property,Array attributes,available,excluded,managed,,Attribute access has no size-dependent array kernel; cross-language timing is dispatch noise.
numpy.ndarray.item,ndarray,item,method,Array methods,available,op_matrix,managed,benchmark/NumSharp.Benchmark.CSharp/Benchmarks/NDArrayApi/NDArrayMethodBenchmarks.cs,
numpy.ndarray.itemsize,ndarray,itemsize,property,Array attributes,available,excluded,managed,,Attribute access has no size-dependent array kernel; cross-language timing is dispatch noise.
numpy.ndarray.mT,ndarray,mT,property,Array attributes,available,excluded,managed,,Attribute access has no size-dependent array kernel; cross-language timing is dispatch noise.
numpy.ndarray.max,ndarray,max,method,Reductions,available,op_matrix,managed,benchmark/NumSharp.Benchmark.CSharp/Benchmarks/NDArrayApi/NDArrayMethodBenchmarks.cs,
numpy.ndarray.mean,ndarray,mean,method,Reductions,available,op_matrix,managed,benchmark/NumSharp.Benchmark.CSharp/Benchmarks/Reduction/MeanBenchmarks.cs,
numpy.ndarray.min,ndarray,min,method,Reductions,available,op_matrix,managed,benchmark/NumSharp.Benchmark.CSharp/Benchmarks/NDArrayApi/NDArrayMethodBenchmarks.cs,
numpy.ndarray.nbytes,ndarray,nbytes,property,Array attributes,available,excluded,managed,,Attribute access has no size-dependent array kernel; cross-language timing is dispatch noise.
numpy.ndarray.ndim,ndarray,ndim,property,Array attributes,available,excluded,managed,,Attribute access has no size-dependent array kernel; cross-language timing is dispatch noise.
numpy.ndarray.nonzero,ndarray,nonzero,method,Sorting & searching,available,op_matrix,managed,benchmark/NumSharp.Benchmark.CSharp/Benchmarks/NDArrayApi/NDArrayMethodBenchmarks.cs,
numpy.ndarray.partition,ndarray,partition,method,Sorting & searching,available,op_matrix,managed,benchmark/NumSharp.Benchmark.CSharp/Benchmarks/NDArrayApi/NDArrayMethodBenchmarks.cs,
numpy.ndarray.prod,ndarray,prod,method,Reductions,available,op_matrix,managed,benchmark/NumSharp.Benchmark.CSharp/Benchmarks/NDArrayApi/NDArrayMethodBenchmarks.cs,
numpy.ndarray.put,ndarray,put,method,Array methods,available,op_matrix,managed,benchmark/NumSharp.Benchmark.CSharp/Benchmarks/NDArrayApi/NDArrayMethodBenchmarks.cs,
numpy.ndarray.ravel,ndarray,ravel,method,Array methods,available,op_matrix,managed,benchmark/NumSharp.Benchmark.CSharp/Benchmarks/Manipulation/ReshapeBenchmarks.cs,
numpy.ndarray.real,ndarray,real,property,Array attributes,available,excluded,managed,,Attribute access has no size-dependent array kernel; cross-language timing is dispatch noise.
numpy.ndarray.repeat,ndarray,repeat,method,Array methods,available,op_matrix,managed,benchmark/NumSharp.Benchmark.CSharp/Benchmarks/NDArrayApi/NDArrayMethodBenchmarks.cs,
numpy.ndarray.reshape,ndarray,reshape,method,Array methods,available,op_matrix,managed,benchmark/NumSharp.Benchmark.CSharp/Benchmarks/NDArrayApi/NDArrayMethodBenchmarks.cs,
numpy.ndarray.resize,ndarray,resize,method,Array methods,available,op_matrix,managed,benchmark/NumSharp.Benchmark.CSharp/Benchmarks/NDArrayApi/NDArrayMethodBenchmarks.cs,
numpy.ndarray.round,ndarray,round,method,Array methods,available,op_matrix,managed,benchmark/NumSharp.Benchmark.CSharp/Benchmarks/NDArrayApi/NDArrayMethodBenchmarks.cs,
numpy.ndarray.searchsorted,ndarray,searchsorted,method,Sorting & searching,available,op_matrix,managed,benchmark/NumSharp.Benchmark.CSharp/Benchmarks/NDArrayApi/NDArrayMethodBenchmarks.cs,
numpy.ndarray.setfield,ndarray,setfield,method,Array methods,available,op_matrix,managed,benchmark/NumSharp.Benchmark.CSharp/Benchmarks/NDArrayApi/NDArrayMethodBenchmarks.cs,
numpy.ndarray.setflags,ndarray,setflags,method,Array methods,available,op_matrix,managed,benchmark/NumSharp.Benchmark.CSharp/Benchmarks/NDArrayApi/NDArrayMethodBenchmarks.cs,
numpy.ndarray.shape,ndarray,shape,property,Array attributes,available,excluded,managed,,Attribute access has no size-dependent array kernel; cross-language timing is dispatch noise.
numpy.ndarray.size,ndarray,size,property,Array attributes,available,excluded,managed,,Attribute access has no size-dependent array kernel; cross-language timing is dispatch noise.
numpy.ndarray.sort,ndarray,sort,method,Sorting & searching,available,op_matrix,managed,benchmark/NumSharp.Benchmark.CSharp/Benchmarks/NDArrayApi/NDArrayMethodBenchmarks.cs,
numpy.ndarray.squeeze,ndarray,squeeze,method,Array methods,available,op_matrix,managed,benchmark/NumSharp.Benchmark.CSharp/Benchmarks/NDArrayApi/NDArrayMethodBenchmarks.cs,
numpy.ndarray.std,ndarray,std,method,Reductions,available,op_matrix,managed,benchmark/NumSharp.Benchmark.CSharp/Benchmarks/Reduction/VarStdBenchmarks.cs,
numpy.ndarray.strides,ndarray,strides,property,Array attributes,available,excluded,managed,,Attribute access has no size-dependent array kernel; cross-language timing is dispatch noise.
numpy.ndarray.sum,ndarray,sum,method,Reductions,available,op_matrix,managed,benchmark/NumSharp.Benchmark.CSharp/Benchmarks/Reduction/SumBenchmarks.cs,
numpy.ndarray.swapaxes,ndarray,swapaxes,method,Array methods,available,op_matrix,managed,benchmark/NumSharp.Benchmark.CSharp/Benchmarks/NDArrayApi/NDArrayMethodBenchmarks.cs,
numpy.ndarray.take,ndarray,take,method,Array methods,available,op_matrix,managed,benchmark/NumSharp.Benchmark.CSharp/Benchmarks/NDArrayApi/NDArrayMethodBenchmarks.cs,
numpy.ndarray.to_device,ndarray,to_device,method,Array methods,available,op_matrix,managed,benchmark/NumSharp.Benchmark.CSharp/Benchmarks/NDArrayApi/NDArrayMethodBenchmarks.cs,
numpy.ndarray.tobytes,ndarray,tobytes,method,Array methods,available,op_matrix,managed,benchmark/NumSharp.Benchmark.CSharp/Benchmarks/NDArrayApi/NDArrayMethodBenchmarks.cs,
numpy.ndarray.tofile,ndarray,tofile,method,Array methods,available,op_matrix,managed,benchmark/NumSharp.Benchmark.CSharp/Benchmarks/NDArrayApi/NDArrayMethodBenchmarks.cs,
numpy.ndarray.tolist,ndarray,tolist,method,Array methods,available,op_matrix,managed,benchmark/NumSharp.Benchmark.CSharp/Benchmarks/NDArrayApi/NDArrayMethodBenchmarks.cs,
numpy.ndarray.trace,ndarray,trace,method,Array methods,available,op_matrix,managed,benchmark/NumSharp.Benchmark.CSharp/Benchmarks/NDArrayApi/NDArrayMethodBenchmarks.cs,
numpy.ndarray.transpose,ndarray,transpose,method,Array methods,available,op_matrix,managed,benchmark/NumSharp.Benchmark.CSharp/Benchmarks/NDArrayApi/NDArrayMethodBenchmarks.cs,
numpy.ndarray.var,ndarray,var,method,Reductions,available,op_matrix,managed,benchmark/NumSharp.Benchmark.CSharp/Benchmarks/Reduction/VarStdBenchmarks.cs,
numpy.ndarray.view,ndarray,view,method,Array methods,available,op_matrix,managed,benchmark/NumSharp.Benchmark.CSharp/Benchmarks/NDArrayApi/NDArrayMethodBenchmarks.cs,
numpy.negative,np,negative,ufunc,Math,available,op_matrix,managed,benchmark/NumSharp.Benchmark.CSharp/Benchmarks/Unary/UnaryExtraBenchmarks.cs,
numpy.nested_iters,np,nested_iters,function,Array metadata & memory,available,op_matrix,managed,benchmark/NumSharp.Benchmark.CSharp/Benchmarks/ApiSurface/UtilityBenchmarks.cs,
numpy.nextafter,np,nextafter,ufunc,Math,available,missing,managed,,
numpy.nonzero,np,nonzero,function,Sorting & searching,available,op_matrix,managed,benchmark/NumSharp.Benchmark.CSharp/Benchmarks/Sorting/SortingBenchmarks.cs,
numpy.not_equal,np,not_equal,ufunc,Logic & comparison,available,op_matrix,managed,benchmark/NumSharp.Benchmark.CSharp/Benchmarks/Comparison/ComparisonBenchmarks.cs,
numpy.ones,np,ones,function,Array creation,available,op_matrix,managed,benchmark/NumSharp.Benchmark.CSharp/Benchmarks/Creation/CreationBenchmarks.cs,
numpy.ones_like,np,ones_like,function,Array creation,available,op_matrix,managed,benchmark/NumSharp.Benchmark.CSharp/Benchmarks/Creation/CreationBenchmarks.cs,
numpy.outer,np,outer,function,Math,available,op_matrix,managed,benchmark/NumSharp.Benchmark.CSharp/Benchmarks/LinearAlgebra/LinAlgBenchmarks.cs,
numpy.pad,np,pad,function,Shape manipulation,available,op_matrix,managed,benchmark/NumSharp.Benchmark.CSharp/Benchmarks/Manipulation/ExtendedShapeBenchmarks.cs,
numpy.partition,np,partition,function,Sorting & searching,available,op_matrix,managed,benchmark/NumSharp.Benchmark.CSharp/Benchmarks/Sorting/ExtendedSortingBenchmarks.cs,
numpy.percentile,np,percentile,function,Reductions,available,op_matrix,managed,benchmark/NumSharp.Benchmark.CSharp/Benchmarks/Statistics/StatisticsBenchmarks.cs,
numpy.permute_dims,np,permute_dims,function,Shape manipulation,available,op_matrix,managed,benchmark/NumSharp.Benchmark.CSharp/Benchmarks/Manipulation/FlipRotBenchmarks.cs,
numpy.place,np,place,function,Indexing & selection,available,op_matrix,managed,benchmark/NumSharp.Benchmark.CSharp/Benchmarks/Selection/IndexingSelectionBenchmarks.cs,
numpy.poly,np,poly,function,Polynomials,available,op_matrix,managed,benchmark/NumSharp.Benchmark.CSharp/Benchmarks/ApiSurface/PolynomialBenchmarks.cs,
numpy.polyadd,np,polyadd,function,Polynomials,available,op_matrix,managed,benchmark/NumSharp.Benchmark.CSharp/Benchmarks/ApiSurface/PolynomialBenchmarks.cs,
numpy.polyder,np,polyder,function,Polynomials,available,op_matrix,managed,benchmark/NumSharp.Benchmark.CSharp/Benchmarks/ApiSurface/PolynomialBenchmarks.cs,
numpy.polydiv,np,polydiv,function,Polynomials,available,op_matrix,managed,benchmark/NumSharp.Benchmark.CSharp/Benchmarks/ApiSurface/PolynomialBenchmarks.cs,
numpy.polyfit,np,polyfit,function,Polynomials,available,subsystem,openblas_required_composed,benchmark/backends/backend_profile_bench.cs,Composes np.linalg.lstsq and therefore requires the LAPACK backend.
numpy.polyint,np,polyint,function,Polynomials,available,op_matrix,managed,benchmark/NumSharp.Benchmark.CSharp/Benchmarks/ApiSurface/PolynomialBenchmarks.cs,
numpy.polymul,np,polymul,function,Polynomials,available,op_matrix,managed,benchmark/NumSharp.Benchmark.CSharp/Benchmarks/ApiSurface/PolynomialBenchmarks.cs,
numpy.polysub,np,polysub,function,Polynomials,available,op_matrix,managed,benchmark/NumSharp.Benchmark.CSharp/Benchmarks/ApiSurface/PolynomialBenchmarks.cs,
numpy.polyval,np,polyval,function,Polynomials,available,op_matrix,managed,benchmark/NumSharp.Benchmark.CSharp/Benchmarks/ApiSurface/PolynomialBenchmarks.cs,
numpy.positive,np,positive,ufunc,Math,available,op_matrix,managed,benchmark/NumSharp.Benchmark.CSharp/Benchmarks/Unary/UnaryExtraBenchmarks.cs,
numpy.pow,np,pow,ufunc,Math,available,covered_alias,managed,numpy.power,Shares the exact compiled NumSharp target with a directly covered API.
numpy.power,np,power,ufunc,Math,available,op_matrix,managed,benchmark/NumSharp.Benchmark.CSharp/Benchmarks/Unary/PowerBenchmarks.cs; benchmark/NumSharp.Benchmark.CSharp/Benchmarks/Unary/PowerBenchmarks.cs; benchmark/NumSharp.Benchmark.CSharp/Benchmarks/Unary/PowerBenchmarks.cs,
numpy.printoptions,np,printoptions,function,Text & formatting,available,op_matrix,managed,benchmark/NumSharp.Benchmark.CSharp/Benchmarks/ApiSurface/UtilityBenchmarks.cs,
numpy.prod,np,prod,function,Reductions,available,op_matrix,managed,benchmark/NumSharp.Benchmark.CSharp/Benchmarks/Reduction/ProdBenchmarks.cs; benchmark/NumSharp.Benchmark.CSharp/Benchmarks/Reduction/ProdBenchmarks.cs; benchmark/NumSharp.Benchmark.CSharp/Benchmarks/Reduction/ProdBenchmarks.cs,
numpy.promote_types,np,promote_types,function,Dtype & promotion,available,op_matrix,managed,benchmark/NumSharp.Benchmark.CSharp/Benchmarks/ApiSurface/UtilityBenchmarks.cs,
numpy.ptp,np,ptp,function,Reductions,available,op_matrix,managed,benchmark/NumSharp.Benchmark.CSharp/Benchmarks/Statistics/StatisticsBenchmarks.cs,
numpy.put,np,put,function,Indexing & selection,available,op_matrix,managed,benchmark/NumSharp.Benchmark.CSharp/Benchmarks/Selection/IndexingSelectionBenchmarks.cs,
numpy.quantile,np,quantile,function,Reductions,available,op_matrix,managed,benchmark/NumSharp.Benchmark.CSharp/Benchmarks/Statistics/StatisticsBenchmarks.cs,
numpy.rad2deg,np,rad2deg,ufunc,Math,available,op_matrix,managed,benchmark/NumSharp.Benchmark.CSharp/Benchmarks/Unary/UnaryFamilyBenchmarks.cs,
numpy.radians,np,radians,ufunc,Math,available,op_matrix,managed,benchmark/NumSharp.Benchmark.CSharp/Benchmarks/Unary/UnaryFamilyBenchmarks.cs,
numpy.random.beta,random,beta,function,Random,available,op_matrix,managed,benchmark/NumSharp.Benchmark.CSharp/Benchmarks/Random/RandomBenchmarks.cs,
numpy.random.binomial,random,binomial,function,Random,available,op_matrix,managed,benchmark/NumSharp.Benchmark.CSharp/Benchmarks/Random/RandomBenchmarks.cs,
numpy.random.bytes,random,bytes,function,Random,available,missing,managed,,
numpy.random.chisquare,random,chisquare,function,Random,available,op_matrix,managed,benchmark/NumSharp.Benchmark.CSharp/Benchmarks/Random/RandomBenchmarks.cs,
numpy.random.choice,random,choice,function,Random,available,op_matrix,managed,benchmark/NumSharp.Benchmark.CSharp/Benchmarks/Random/RandomBenchmarks.cs,
numpy.random.default_rng,random,default_rng,function,Random,available,missing,managed,,
numpy.random.dirichlet,random,dirichlet,function,Random,available,op_matrix,managed,benchmark/NumSharp.Benchmark.CSharp/Benchmarks/Random/RandomBenchmarks.cs,
numpy.random.exponential,random,exponential,function,Random,available,op_matrix,managed,benchmark/NumSharp.Benchmark.CSharp/Benchmarks/Random/RandomBenchmarks.cs,
numpy.random.f,random,f,function,Random,available,op_matrix,managed,benchmark/NumSharp.Benchmark.CSharp/Benchmarks/Random/RandomBenchmarks.cs,
numpy.random.gamma,random,gamma,function,Random,available,op_matrix,managed,benchmark/NumSharp.Benchmark.CSharp/Benchmarks/Random/RandomBenchmarks.cs,
numpy.random.geometric,random,geometric,function,Random,available,op_matrix,managed,benchmark/NumSharp.Benchmark.CSharp/Benchmarks/Random/RandomBenchmarks.cs,
numpy.random.get_state,random,get_state,function,Random,available,excluded,managed,,State snapshot API; no array kernel or size-dependent throughput.
numpy.random.gumbel,random,gumbel,function,Random,available,op_matrix,managed,benchmark/NumSharp.Benchmark.CSharp/Benchmarks/Random/RandomBenchmarks.cs,
numpy.random.hypergeometric,random,hypergeometric,function,Random,available,op_matrix,managed,benchmark/NumSharp.Benchmark.CSharp/Benchmarks/Random/RandomBenchmarks.cs,
numpy.random.laplace,random,laplace,function,Random,available,op_matrix,managed,benchmark/NumSharp.Benchmark.CSharp/Benchmarks/Random/RandomBenchmarks.cs,
numpy.random.logistic,random,logistic,function,Random,available,op_matrix,managed,benchmark/NumSharp.Benchmark.CSharp/Benchmarks/Random/RandomBenchmarks.cs,
numpy.random.lognormal,random,lognormal,function,Random,available,op_matrix,managed,benchmark/NumSharp.Benchmark.CSharp/Benchmarks/Random/RandomBenchmarks.cs,
numpy.random.logseries,random,logseries,function,Random,available,op_matrix,managed,benchmark/NumSharp.Benchmark.CSharp/Benchmarks/Random/RandomBenchmarks.cs,
numpy.random.multinomial,random,multinomial,function,Random,available,op_matrix,managed,benchmark/NumSharp.Benchmark.CSharp/Benchmarks/Random/RandomBenchmarks.cs,
numpy.random.multivariate_normal,random,multivariate_normal,function,Random,available,op_matrix,managed,benchmark/NumSharp.Benchmark.CSharp/Benchmarks/Random/RandomBenchmarks.cs,
numpy.random.negative_binomial,random,negative_binomial,function,Random,available,op_matrix,managed,benchmark/NumSharp.Benchmark.CSharp/Benchmarks/Random/RandomBenchmarks.cs,
numpy.random.noncentral_chisquare,random,noncentral_chisquare,function,Random,available,op_matrix,managed,benchmark/NumSharp.Benchmark.CSharp/Benchmarks/Random/RandomBenchmarks.cs,
numpy.random.noncentral_f,random,noncentral_f,function,Random,available,op_matrix,managed,benchmark/NumSharp.Benchmark.CSharp/Benchmarks/Random/RandomBenchmarks.cs,
numpy.random.normal,random,normal,function,Random,available,op_matrix,managed,benchmark/NumSharp.Benchmark.CSharp/Benchmarks/Random/RandomBenchmarks.cs,
numpy.random.pareto,random,pareto,function,Random,available,op_matrix,managed,benchmark/NumSharp.Benchmark.CSharp/Benchmarks/Random/RandomBenchmarks.cs,
numpy.random.permutation,random,permutation,function,Random,available,op_matrix,managed,benchmark/NumSharp.Benchmark.CSharp/Benchmarks/Random/RandomBenchmarks.cs,
numpy.random.poisson,random,poisson,function,Random,available,op_matrix,managed,benchmark/NumSharp.Benchmark.CSharp/Benchmarks/Random/RandomBenchmarks.cs,
numpy.random.power,random,power,function,Random,available,op_matrix,managed,benchmark/NumSharp.Benchmark.CSharp/Benchmarks/Random/RandomBenchmarks.cs,
numpy.random.rand,random,rand,function,Random,available,op_matrix,managed,benchmark/NumSharp.Benchmark.CSharp/Benchmarks/Random/RandomBenchmarks.cs,
numpy.random.randint,random,randint,function,Random,available,op_matrix,managed,benchmark/NumSharp.Benchmark.CSharp/Benchmarks/Random/RandomBenchmarks.cs,
numpy.random.randn,random,randn,function,Random,available,op_matrix,managed,benchmark/NumSharp.Benchmark.CSharp/Benchmarks/Random/RandomBenchmarks.cs,
numpy.random.random,random,random,function,Random,available,op_matrix,managed,benchmark/NumSharp.Benchmark.CSharp/Benchmarks/Random/RandomBenchmarks.cs,
numpy.random.random_integers,random,random_integers,function,Random,available,missing,managed,,
numpy.random.random_sample,random,random_sample,function,Random,available,op_matrix,managed,benchmark/NumSharp.Benchmark.CSharp/Benchmarks/Random/RandomBenchmarks.cs,
numpy.random.ranf,random,ranf,function,Random,available,covered_alias,managed,numpy.random.random_sample,Shares the exact compiled NumSharp target with a directly covered API.
numpy.random.rayleigh,random,rayleigh,function,Random,available,op_matrix,managed,benchmark/NumSharp.Benchmark.CSharp/Benchmarks/Random/RandomBenchmarks.cs,
numpy.random.sample,random,sample,function,Random,available,covered_alias,managed,numpy.random.random_sample,Shares the exact compiled NumSharp target with a directly covered API.
numpy.random.seed,random,seed,function,Random,available,excluded,managed,,Global state mutation; timing is dominated by synchronization and is not an array-throughput comparison.
numpy.random.set_state,random,set_state,function,Random,available,excluded,managed,,Global state mutation; timing is dominated by synchronization and is not an array-throughput comparison.
numpy.random.shuffle,random,shuffle,function,Random,available,op_matrix,managed,benchmark/NumSharp.Benchmark.CSharp/Benchmarks/Random/RandomBenchmarks.cs,
numpy.random.standard_cauchy,random,standard_cauchy,function,Random,available,op_matrix,managed,benchmark/NumSharp.Benchmark.CSharp/Benchmarks/Random/RandomBenchmarks.cs,
numpy.random.standard_exponential,random,standard_exponential,function,Random,available,op_matrix,managed,benchmark/NumSharp.Benchmark.CSharp/Benchmarks/Random/RandomBenchmarks.cs,
numpy.random.standard_gamma,random,standard_gamma,function,Random,available,op_matrix,managed,benchmark/NumSharp.Benchmark.CSharp/Benchmarks/Random/RandomBenchmarks.cs,
numpy.random.standard_normal,random,standard_normal,function,Random,available,op_matrix,managed,benchmark/NumSharp.Benchmark.CSharp/Benchmarks/Random/RandomBenchmarks.cs,
numpy.random.standard_t,random,standard_t,function,Random,available,op_matrix,managed,benchmark/NumSharp.Benchmark.CSharp/Benchmarks/Random/RandomBenchmarks.cs,
numpy.random.triangular,random,triangular,function,Random,available,op_matrix,managed,benchmark/NumSharp.Benchmark.CSharp/Benchmarks/Random/RandomBenchmarks.cs,
numpy.random.uniform,random,uniform,function,Random,available,op_matrix,managed,benchmark/NumSharp.Benchmark.CSharp/Benchmarks/Random/RandomBenchmarks.cs,
numpy.random.vonmises,random,vonmises,function,Random,available,op_matrix,managed,benchmark/NumSharp.Benchmark.CSharp/Benchmarks/Random/RandomBenchmarks.cs,
numpy.random.wald,random,wald,function,Random,available,op_matrix,managed,benchmark/NumSharp.Benchmark.CSharp/Benchmarks/Random/RandomBenchmarks.cs,
numpy.random.weibull,random,weibull,function,Random,available,op_matrix,managed,benchmark/NumSharp.Benchmark.CSharp/Benchmarks/Random/RandomBenchmarks.cs,
numpy.random.zipf,random,zipf,function,Random,available,op_matrix,managed,benchmark/NumSharp.Benchmark.CSharp/Benchmarks/Random/RandomBenchmarks.cs,
numpy.ravel,np,ravel,function,Shape manipulation,available,op_matrix,managed,benchmark/NumSharp.Benchmark.CSharp/Benchmarks/Manipulation/ReshapeBenchmarks.cs,
numpy.ravel_multi_index,np,ravel_multi_index,function,Indexing & selection,available,op_matrix,managed,benchmark/NumSharp.Benchmark.CSharp/Benchmarks/Selection/IndexingSelectionBenchmarks.cs,
numpy.real,np,real,function,Math,available,op_matrix,managed,benchmark/NumSharp.Benchmark.CSharp/Benchmarks/Unary/UnaryFamilyBenchmarks.cs,
numpy.reciprocal,np,reciprocal,ufunc,Math,available,op_matrix,managed,benchmark/NumSharp.Benchmark.CSharp/Benchmarks/Unary/UnaryExtraBenchmarks.cs,
numpy.remainder,np,remainder,ufunc,Math,available,covered_alias,managed,numpy.mod,Shares the exact compiled NumSharp target with a directly covered API.
numpy.repeat,np,repeat,function,Shape manipulation,available,op_matrix,managed,benchmark/NumSharp.Benchmark.CSharp/Benchmarks/Manipulation/ExtendedShapeBenchmarks.cs,
numpy.require,np,require,function,Array creation,available,op_matrix,managed,benchmark/NumSharp.Benchmark.CSharp/Benchmarks/Creation/ConversionCreationBenchmarks.cs,
numpy.reshape,np,reshape,function,Shape manipulation,available,op_matrix,managed,benchmark/NumSharp.Benchmark.CSharp/Benchmarks/Manipulation/ReshapeBenchmarks.cs,
numpy.resize,np,resize,function,Shape manipulation,available,op_matrix,managed,benchmark/NumSharp.Benchmark.CSharp/Benchmarks/Manipulation/ExtendedShapeBenchmarks.cs,
numpy.result_type,np,result_type,function,Dtype & promotion,available,op_matrix,managed,benchmark/NumSharp.Benchmark.CSharp/Benchmarks/ApiSurface/UtilityBenchmarks.cs,
numpy.right_shift,np,right_shift,ufunc,Math,available,op_matrix,managed,benchmark/NumSharp.Benchmark.CSharp/Benchmarks/Bitwise/BitwiseBenchmarks.cs,
numpy.rint,np,rint,ufunc,Math,available,op_matrix,managed,benchmark/NumSharp.Benchmark.CSharp/Benchmarks/Unary/UnaryFamilyBenchmarks.cs,
numpy.roll,np,roll,function,Shape manipulation,available,op_matrix,managed,benchmark/NumSharp.Benchmark.CSharp/Benchmarks/Manipulation/ExtendedShapeBenchmarks.cs,
numpy.rollaxis,np,rollaxis,function,Shape manipulation,available,op_matrix,managed,benchmark/NumSharp.Benchmark.CSharp/Benchmarks/Manipulation/DimsBenchmarks.cs,
numpy.roots,np,roots,function,Polynomials,available,subsystem,openblas_required_composed,benchmark/backends/backend_profile_bench.cs,Composes np.linalg.eigvals and therefore requires the LAPACK backend.
numpy.rot90,np,rot90,function,Shape manipulation,available,op_matrix,managed,benchmark/NumSharp.Benchmark.CSharp/Benchmarks/Manipulation/FlipRotBenchmarks.cs,
numpy.round,np,round,function,Math,available,op_matrix,managed,benchmark/NumSharp.Benchmark.CSharp/Benchmarks/Unary/UnaryFamilyBenchmarks.cs,
numpy.row_stack,np,row_stack,function,Shape manipulation,available,covered_alias,managed,numpy.vstack,Shares the exact compiled NumSharp target with a directly covered API.
numpy.save,np,save,function,Input & output,available,op_matrix,managed,benchmark/NumSharp.Benchmark.CSharp/Benchmarks/ApiSurface/IoBenchmarks.cs,
numpy.savetxt,np,savetxt,function,Input & output,available,op_matrix,managed,benchmark/NumSharp.Benchmark.CSharp/Benchmarks/ApiSurface/IoBenchmarks.cs,
numpy.savez,np,savez,function,Input & output,available,op_matrix,managed,benchmark/NumSharp.Benchmark.CSharp/Benchmarks/ApiSurface/IoBenchmarks.cs,
numpy.savez_compressed,np,savez_compressed,function,Input & output,available,op_matrix,managed,benchmark/NumSharp.Benchmark.CSharp/Benchmarks/ApiSurface/IoBenchmarks.cs,
numpy.searchsorted,np,searchsorted,function,Sorting & searching,available,op_matrix,managed,benchmark/NumSharp.Benchmark.CSharp/Benchmarks/Sorting/SortingBenchmarks.cs,
numpy.select,np,select,function,Indexing & selection,available,op_matrix,managed,benchmark/NumSharp.Benchmark.CSharp/Benchmarks/Selection/IndexingSelectionBenchmarks.cs,
numpy.set_printoptions,np,set_printoptions,function,Text & formatting,available,op_matrix,managed,benchmark/NumSharp.Benchmark.CSharp/Benchmarks/ApiSurface/UtilityBenchmarks.cs,
numpy.setbufsize,np,setbufsize,function,Floating-point handling,available,missing,managed,,
numpy.setdiff1d,np,setdiff1d,function,Set operations,available,op_matrix,managed,benchmark/NumSharp.Benchmark.CSharp/Benchmarks/Manipulation/SetOperationBenchmarks.cs,
numpy.setxor1d,np,setxor1d,function,Set operations,available,op_matrix,managed,benchmark/NumSharp.Benchmark.CSharp/Benchmarks/Manipulation/SetOperationBenchmarks.cs,
numpy.shape,np,shape,function,Shape manipulation,partial,excluded,managed,,Partial cross-surface property mapping; there is no comparable NumSharp np.shape call.
numpy.sign,np,sign,ufunc,Math,available,op_matrix,managed,benchmark/NumSharp.Benchmark.CSharp/Benchmarks/Unary/MathBenchmarks.cs,
numpy.sin,np,sin,ufunc,Math,available,op_matrix,managed,benchmark/NumSharp.Benchmark.CSharp/Benchmarks/Unary/TrigBenchmarks.cs,
numpy.sinh,np,sinh,ufunc,Math,available,op_matrix,managed,benchmark/NumSharp.Benchmark.CSharp/Benchmarks/Unary/UnaryFamilyBenchmarks.cs,
numpy.size,np,size,function,Shape manipulation,available,op_matrix,managed,benchmark/NumSharp.Benchmark.CSharp/Benchmarks/Manipulation/ExtendedShapeBenchmarks.cs,
numpy.sort,np,sort,function,Sorting & searching,available,op_matrix,managed,benchmark/NumSharp.Benchmark.CSharp/Benchmarks/Sorting/ExtendedSortingBenchmarks.cs,
numpy.sort_complex,np,sort_complex,function,Sorting & searching,available,op_matrix,managed,benchmark/NumSharp.Benchmark.CSharp/Benchmarks/Sorting/ExtendedSortingBenchmarks.cs,
numpy.split,np,split,function,Shape manipulation,available,op_matrix,managed,benchmark/NumSharp.Benchmark.CSharp/Benchmarks/Manipulation/ExtendedShapeBenchmarks.cs,
numpy.sqrt,np,sqrt,ufunc,Math,available,op_matrix,managed,benchmark/NumSharp.Benchmark.CSharp/Benchmarks/Unary/MathBenchmarks.cs,
numpy.square,np,square,ufunc,Math,available,op_matrix,managed,benchmark/NumSharp.Benchmark.CSharp/Benchmarks/Unary/UnaryExtraBenchmarks.cs,
numpy.squeeze,np,squeeze,function,Shape manipulation,available,op_matrix,managed,benchmark/NumSharp.Benchmark.CSharp/Benchmarks/Manipulation/DimsBenchmarks.cs; benchmark/NumSharp.Benchmark.CSharp/Benchmarks/Manipulation/DimsBenchmarks.cs,
numpy.stack,np,stack,function,Shape manipulation,available,op_matrix,managed,benchmark/NumSharp.Benchmark.CSharp/Benchmarks/Manipulation/StackBenchmarks.cs; benchmark/NumSharp.Benchmark.CSharp/Benchmarks/Manipulation/StackBenchmarks.cs,
numpy.std,np,std,function,Reductions,available,op_matrix,managed,benchmark/NumSharp.Benchmark.CSharp/Benchmarks/Reduction/VarStdBenchmarks.cs; benchmark/NumSharp.Benchmark.CSharp/Benchmarks/Reduction/VarStdBenchmarks.cs,
numpy.subtract,np,subtract,ufunc,Math,available,op_matrix,managed,benchmark/NumSharp.Benchmark.CSharp/Benchmarks/Arithmetic/SubtractBenchmarks.cs,
numpy.sum,np,sum,function,Reductions,available,op_matrix,managed,benchmark/NumSharp.Benchmark.CSharp/Benchmarks/Reduction/SumBenchmarks.cs; benchmark/NumSharp.Benchmark.CSharp/Benchmarks/Reduction/SumBenchmarks.cs; benchmark/NumSharp.Benchmark.CSharp/Benchmarks/Reduction/SumBenchmarks.cs; benchmark/NumSharp.Benchmark.CSharp/Benchmarks/Slicing/SliceBenchmarks.cs; benchmark/NumSharp.Benchmark.CSharp/Benchmarks/Slicing/SliceBenchmarks.cs; benchmark/NumSharp.Benchmark.CSharp/Benchmarks/Slicing/SliceBenchmarks.cs; benchmark/NumSharp.Benchmark.CSharp/Benchmarks/Slicing/SliceBenchmarks.cs,
numpy.swapaxes,np,swapaxes,function,Shape manipulation,available,op_matrix,managed,benchmark/NumSharp.Benchmark.CSharp/Benchmarks/Manipulation/DimsBenchmarks.cs; benchmark/NumSharp.Benchmark.CSharp/Benchmarks/Manipulation/DimsBenchmarks.cs,
numpy.take,np,take,function,Indexing & selection,available,op_matrix,managed,benchmark/NumSharp.Benchmark.CSharp/Benchmarks/Selection/IndexingSelectionBenchmarks.cs,
numpy.take_along_axis,np,take_along_axis,function,Indexing & selection,available,op_matrix,managed,benchmark/NumSharp.Benchmark.CSharp/Benchmarks/Selection/IndexingSelectionBenchmarks.cs,
numpy.tan,np,tan,ufunc,Math,available,op_matrix,managed,benchmark/NumSharp.Benchmark.CSharp/Benchmarks/Unary/TrigBenchmarks.cs,
numpy.tanh,np,tanh,ufunc,Math,available,op_matrix,managed,benchmark/NumSharp.Benchmark.CSharp/Benchmarks/Unary/UnaryFamilyBenchmarks.cs,
numpy.tensordot,np,tensordot,function,Linear algebra,available,op_matrix,openblas_optional_composed,benchmark/NumSharp.Benchmark.CSharp/Benchmarks/LinearAlgebra/LinAlgBenchmarks.cs,
numpy.tile,np,tile,function,Shape manipulation,available,op_matrix,managed,benchmark/NumSharp.Benchmark.CSharp/Benchmarks/Manipulation/ExtendedShapeBenchmarks.cs,
numpy.trace,np,trace,function,Math,available,op_matrix,managed,benchmark/NumSharp.Benchmark.CSharp/Benchmarks/Statistics/SignalStatisticsBenchmarks.cs,
numpy.transpose,np,transpose,function,Shape manipulation,available,op_matrix,managed,benchmark/NumSharp.Benchmark.CSharp/Benchmarks/Manipulation/ReshapeBenchmarks.cs; benchmark/NumSharp.Benchmark.CSharp/Benchmarks/Manipulation/ReshapeBenchmarks.cs,
numpy.tri,np,tri,function,Array creation,available,op_matrix,managed,benchmark/NumSharp.Benchmark.CSharp/Benchmarks/Manipulation/DiagTriBenchmarks.cs,
numpy.tril,np,tril,function,Array creation,available,op_matrix,managed,benchmark/NumSharp.Benchmark.CSharp/Benchmarks/Manipulation/DiagTriBenchmarks.cs,
numpy.tril_indices,np,tril_indices,function,Indexing & selection,available,op_matrix,managed,benchmark/NumSharp.Benchmark.CSharp/Benchmarks/Manipulation/DiagTriBenchmarks.cs,
numpy.tril_indices_from,np,tril_indices_from,function,Indexing & selection,available,op_matrix,managed,benchmark/NumSharp.Benchmark.CSharp/Benchmarks/Selection/IndexingSelectionBenchmarks.cs,
numpy.trim_zeros,np,trim_zeros,function,Shape manipulation,available,op_matrix,managed,benchmark/NumSharp.Benchmark.CSharp/Benchmarks/Manipulation/FlipRotBenchmarks.cs,
numpy.triu,np,triu,function,Array creation,available,op_matrix,managed,benchmark/NumSharp.Benchmark.CSharp/Benchmarks/Manipulation/DiagTriBenchmarks.cs,
numpy.triu_indices,np,triu_indices,function,Indexing & selection,available,op_matrix,managed,benchmark/NumSharp.Benchmark.CSharp/Benchmarks/Manipulation/DiagTriBenchmarks.cs,
numpy.triu_indices_from,np,triu_indices_from,function,Indexing & selection,available,op_matrix,managed,benchmark/NumSharp.Benchmark.CSharp/Benchmarks/Selection/IndexingSelectionBenchmarks.cs,
numpy.true_divide,np,true_divide,ufunc,Math,available,op_matrix,managed,benchmark/NumSharp.Benchmark.CSharp/Benchmarks/Arithmetic/DivideBenchmarks.cs,
numpy.trunc,np,trunc,ufunc,Math,available,op_matrix,managed,benchmark/NumSharp.Benchmark.CSharp/Benchmarks/Unary/UnaryExtraBenchmarks.cs,
numpy.union1d,np,union1d,function,Set operations,available,op_matrix,managed,benchmark/NumSharp.Benchmark.CSharp/Benchmarks/Manipulation/SetOperationBenchmarks.cs,
numpy.unique,np,unique,function,Set operations,available,op_matrix,managed,benchmark/NumSharp.Benchmark.CSharp/Benchmarks/Manipulation/SetOperationBenchmarks.cs,
numpy.unique_all,np,unique_all,function,Set operations,available,op_matrix,managed,benchmark/NumSharp.Benchmark.CSharp/Benchmarks/Manipulation/SetOperationBenchmarks.cs,
numpy.unique_counts,np,unique_counts,function,Set operations,available,op_matrix,managed,benchmark/NumSharp.Benchmark.CSharp/Benchmarks/Manipulation/SetOperationBenchmarks.cs,
numpy.unique_inverse,np,unique_inverse,function,Set operations,available,op_matrix,managed,benchmark/NumSharp.Benchmark.CSharp/Benchmarks/Manipulation/SetOperationBenchmarks.cs,
numpy.unique_values,np,unique_values,function,Set operations,available,op_matrix,managed,benchmark/NumSharp.Benchmark.CSharp/Benchmarks/Manipulation/SetOperationBenchmarks.cs,
numpy.unravel_index,np,unravel_index,function,Indexing & selection,available,op_matrix,managed,benchmark/NumSharp.Benchmark.CSharp/Benchmarks/Selection/IndexingSelectionBenchmarks.cs,
numpy.unstack,np,unstack,function,Shape manipulation,available,op_matrix,managed,benchmark/NumSharp.Benchmark.CSharp/Benchmarks/Manipulation/ExtendedShapeBenchmarks.cs,
numpy.vander,np,vander,function,Array creation,available,op_matrix,managed,benchmark/NumSharp.Benchmark.CSharp/Benchmarks/Creation/ConversionCreationBenchmarks.cs,
numpy.var,np,var,function,Reductions,available,op_matrix,managed,benchmark/NumSharp.Benchmark.CSharp/Benchmarks/Reduction/VarStdBenchmarks.cs; benchmark/NumSharp.Benchmark.CSharp/Benchmarks/Reduction/VarStdBenchmarks.cs,
numpy.vdot,np,vdot,function,Linear algebra,available,op_matrix,openblas_optional,benchmark/NumSharp.Benchmark.CSharp/Benchmarks/LinearAlgebra/LinAlgBenchmarks.cs,
numpy.vecdot,np,vecdot,ufunc,Linear algebra,available,op_matrix,openblas_optional,benchmark/NumSharp.Benchmark.CSharp/Benchmarks/LinearAlgebra/LinAlgBenchmarks.cs,
numpy.vecmat,np,vecmat,ufunc,Linear algebra,available,op_matrix,openblas_optional,benchmark/NumSharp.Benchmark.CSharp/Benchmarks/LinearAlgebra/LinAlgBenchmarks.cs,
numpy.vsplit,np,vsplit,function,Shape manipulation,available,op_matrix,managed,benchmark/NumSharp.Benchmark.CSharp/Benchmarks/Manipulation/ExtendedShapeBenchmarks.cs,
numpy.vstack,np,vstack,function,Shape manipulation,available,op_matrix,managed,benchmark/NumSharp.Benchmark.CSharp/Benchmarks/Manipulation/StackBenchmarks.cs,
numpy.where,np,where,function,Indexing & selection,available,op_matrix,managed,benchmark/NumSharp.Benchmark.CSharp/Benchmarks/Selection/WhereBenchmarks.cs; benchmark/NumSharp.Benchmark.CSharp/Benchmarks/Selection/WhereBenchmarks.cs,
numpy.zeros,np,zeros,function,Array creation,available,op_matrix,managed,benchmark/NumSharp.Benchmark.CSharp/Benchmarks/Creation/CreationBenchmarks.cs,
numpy.zeros_like,np,zeros_like,function,Array creation,available,op_matrix,managed,benchmark/NumSharp.Benchmark.CSharp/Benchmarks/Creation/CreationBenchmarks.cs,
